Unnamed: 0,date,AMBROSIA,batch_id,tavg,prcp,wdir,wspd,wpgt,pres,city_БЕОГРАД - НОВИ БЕОГРАД,city_ВРШАЦ,city_КРАЉЕВО,city_КРАГУЈЕВАЦ,city_НИШ,city_ПОЖАРЕВАЦ,city_СУБОТИЦА
0,2022-02-14,0,1,7.9,0.0,152.0,10.4,25.9,1020.7,1,0,0,0,0,0,0
1,2022-02-15,0,1,11.3,0.0,146.0,9.2,20.4,1016.6,1,0,0,0,0,0,0
2,2022-02-16,0,1,9.0,1.5,162.0,4.9,18.5,1015.8,1,0,0,0,0,0,0
3,2022-02-17,0,1,10.3,0.0,190.0,6.3,18.5,1008.3,1,0,0,0,0,0,0
4,2022-02-18,0,1,10.6,0.5,250.0,8.4,24.1,1016.3,1,0,0,0,0,0,0
5,2022-02-19,0,1,10.7,0.0,53.0,9.3,27.8,1016.1,1,0,0,0,0,0,0
6,2022-02-20,0,1,7.2,0.5,256.0,6.0,16.7,1019.6,1,0,0,0,0,0,0
7,2022-02-21,0,1,9.6,0.3,122.0,8.2,47.0,1009.3,1,0,0,0,0,0,0
8,2022-02-22,0,1,6.7,4.6,300.0,7.4,20.4,1013.3,1,0,0,0,0,0,0
9,2022-02-23,0,1,5.2,0.0,270.0,7.3,18.5,1024.1,1,0,0,0,0,0,0
10,2022-02-28,0,8,2.6,2.8,279.0,6.1,13.0,1025.6,1,0,0,0,0,0,0
11,2022-03-01,0,8,2.4,0.0,270.0,6.2,14.8,1027.1,1,0,0,0,0,0,0
12,2022-03-02,0,8,3.3,0.0,297.0,6.9,16.7,1022.4,1,0,0,0,0,0,0
13,2022-03-03,0,8,4.4,0.0,258.0,9.1,18.5,1017.1,1,0,0,0,0,0,0
14,2022-03-04,0,8,3.6,0.0,273.0,7.3,18.5,1016.2,1,0,0,0,0,0,0
15,2022-03-05,0,8,2.7,0.0,28.0,6.9,16.7,1018.7,1,0,0,0,0,0,0
16,2022-03-06,0,8,2.0,0.0,76.0,10.5,50.0,1017.8,1,0,0,0,0,0,0
17,2022-03-07,0,8,1.3,2.5,336.0,5.8,14.8,1018.6,1,0,0,0,0,0,0
18,2022-03-08,0,8,1.7,3.8,308.0,6.3,16.7,1020.4,1,0,0,0,0,0,0
19,2022-03-09,0,8,1.8,0.0,317.0,6.3,24.1,1021.9,1,0,0,0,0,0,0
20,2022-03-14,0,15,6.9,0.0,136.0,10.1,40.0,1032.9,1,0,0,0,0,0,0
21,2022-03-15,0,15,9.5,0.0,112.0,5.3,14.8,1032.2,1,0,0,0,0,0,0
22,2022-03-16,0,15,10.9,0.0,331.0,5.5,16.7,1023.1,1,0,0,0,0,0,0
23,2022-03-17,0,15,6.0,0.3,97.0,9.5,25.9,1030.3,1,0,0,0,0,0,0
24,2022-03-18,0,15,4.9,0.0,113.0,9.9,27.8,1038.3,1,0,0,0,0,0,0
25,2022-03-19,0,15,5.4,0.0,118.0,8.1,24.1,1038.9,1,0,0,0,0,0,0
26,2022-03-20,0,15,5.0,0.0,92.0,11.6,40.0,1040.5,1,0,0,0,0,0,0
27,2022-03-21,0,15,6.1,0.0,1.0,4.8,14.8,1037.4,1,0,0,0,0,0,0
28,2022-03-22,0,15,8.9,0.0,315.0,5.2,16.7,1033.5,1,0,0,0,0,0,0
29,2022-03-23,0,15,11.7,0.0,61.0,5.7,14.8,1029.9,1,0,0,0,0,0,0
30,2022-03-28,0,22,13.4,0.0,109.0,5.4,16.7,1024.7,1,0,0,0,0,0,0
31,2022-03-29,0,22,14.8,0.0,221.0,5.4,18.5,1012.7,1,0,0,0,0,0,0
32,2022-03-30,0,22,15.7,0.0,193.0,8.2,18.5,1006.7,1,0,0,0,0,0,0
33,2022-03-31,0,22,14.3,0.0,141.0,12.2,43.0,997.2,1,0,0,0,0,0,0
34,2022-04-01,0,22,14.3,9.1,153.0,10.5,27.8,993.9,1,0,0,0,0,0,0
35,2022-04-02,0,22,7.4,13.7,343.0,9.4,76.0,1001.3,1,0,0,0,0,0,0
36,2022-04-03,0,22,3.4,2.3,268.0,11.7,25.9,1013.4,1,0,0,0,0,0,0
37,2022-04-04,0,22,5.8,0.0,204.0,6.3,14.8,1020.1,1,0,0,0,0,0,0
38,2022-04-05,0,22,10.7,0.0,211.0,6.6,16.7,1012.3,1,0,0,0,0,0,0
39,2022-04-06,0,22,16.2,0.0,128.0,8.6,25.9,1009.4,1,0,0,0,0,0,0
40,2022-04-11,0,29,7.1,0.3,290.0,7.8,22.2,1021.7,1,0,0,0,0,0,0
41,2022-04-12,0,29,11.8,0.0,88.0,5.4,14.8,1020.9,1,0,0,0,0,0,0
42,2022-04-13,0,29,12.2,0.0,47.0,5.4,16.7,1021.1,1,0,0,0,0,0,0
43,2022-04-14,0,29,13.5,0.0,87.0,5.1,14.8,1021.1,1,0,0,0,0,0,0
44,2022-04-15,0,29,17.2,0.0,327.0,4.6,14.8,1018.1,1,0,0,0,0,0,0
45,2022-04-16,0,29,12.6,0.0,316.0,8.1,22.2,1019.0,1,0,0,0,0,0,0
46,2022-04-17,0,29,8.5,0.0,22.0,8.5,24.1,1019.3,1,0,0,0,0,0,0
47,2022-04-18,0,29,7.5,0.0,354.0,7.2,16.7,1015.3,1,0,0,0,0,0,0
48,2022-04-19,0,29,8.7,0.0,252.0,5.5,16.7,1013.0,1,0,0,0,0,0,0
49,2022-04-20,0,29,7.6,1.8,218.0,4.7,16.7,1014.4,1,0,0,0,0,0,0
50,2022-05-09,0,36,19.7,0.0,35.0,5.8,14.8,1021.1,1,0,0,0,0,0,0
51,2022-05-10,0,36,17.6,0.0,280.0,5.6,14.8,1020.6,1,0,0,0,0,0,0
52,2022-05-11,0,36,19.4,0.0,239.0,4.8,13.0,1019.8,1,0,0,0,0,0,0
53,2022-05-12,0,36,22.8,0.0,191.0,4.8,13.0,1018.6,1,0,0,0,0,0,0
54,2022-05-13,0,36,24.1,0.0,240.0,5.5,13.0,1016.2,1,0,0,0,0,0,0
55,2022-05-14,0,36,22.7,0.0,329.0,7.0,16.7,1016.9,1,0,0,0,0,0,0
56,2022-05-15,0,36,21.0,0.0,257.0,5.4,14.8,1018.6,1,0,0,0,0,0,0
57,2022-05-16,0,36,22.8,0.0,135.0,4.9,13.0,1018.0,1,0,0,0,0,0,0
58,2022-05-17,0,36,21.9,0.0,273.0,6.3,16.7,1015.2,1,0,0,0,0,0,0
59,2022-05-18,0,36,17.6,9.4,7.0,11.4,50.0,1021.7,1,0,0,0,0,0,0
60,2022-05-23,0,43,20.9,0.0,6.0,5.3,14.8,1010.9,1,0,0,0,0,0,0
61,2022-05-24,0,43,23.4,0.0,127.0,9.6,27.8,1008.3,1,0,0,0,0,0,0
62,2022-05-25,0,43,25.7,0.0,140.0,8.9,22.2,1011.3,1,0,0,0,0,0,0
63,2022-05-26,0,43,23.2,0.0,336.0,6.9,43.0,1020.7,1,0,0,0,0,0,0
64,2022-05-27,1,43,24.4,0.0,136.0,5.6,13.0,1017.5,1,0,0,0,0,0,0
65,2022-05-28,0,43,17.4,7.4,330.0,7.1,43.0,1014.0,1,0,0,0,0,0,0
66,2022-05-29,0,43,13.9,6.1,348.0,4.1,16.7,1011.1,1,0,0,0,0,0,0
67,2022-05-30,0,43,17.8,7.9,31.0,5.8,14.8,1011.6,1,0,0,0,0,0,0
68,2022-05-31,0,43,19.0,1.3,68.0,5.1,16.7,1016.2,1,0,0,0,0,0,0
69,2022-06-01,0,43,22.6,0.5,344.0,4.8,16.7,1015.1,1,0,0,0,0,0,0
70,2022-06-06,0,50,23.5,0.0,6.0,6.7,,1014.0,1,0,0,0,0,0,0
71,2022-06-07,0,50,24.6,0.0,147.0,9.2,,1012.0,1,0,0,0,0,0,0
72,2022-06-08,0,50,22.0,0.0,178.0,8.5,,1008.6,1,0,0,0,0,0,0
73,2022-06-09,0,50,22.3,0.0,124.0,7.8,,1005.6,1,0,0,0,0,0,0
74,2022-06-10,0,50,22.4,0.0,348.0,5.3,,1009.6,1,0,0,0,0,0,0
75,2022-06-11,0,50,21.2,0.0,328.0,6.1,,1013.8,1,0,0,0,0,0,0
76,2022-06-12,0,50,23.6,19.1,322.0,6.5,,1015.4,1,0,0,0,0,0,0
77,2022-06-13,0,50,24.2,0.0,291.0,5.1,,1014.5,1,0,0,0,0,0,0
78,2022-06-14,0,50,22.3,0.0,322.0,6.3,16.7,1018.7,1,0,0,0,0,0,0
79,2022-06-15,0,50,21.4,0.0,281.0,4.7,13.0,1020.3,1,0,0,0,0,0,0
80,2022-06-20,1,57,27.3,0.0,159.0,6.4,18.5,1011.3,1,0,0,0,0,0,0
81,2022-06-21,0,57,26.5,0.0,290.0,6.5,16.7,1010.3,1,0,0,0,0,0,0
82,2022-06-22,0,57,24.0,0.0,333.0,6.1,13.0,1012.7,1,0,0,0,0,0,0
83,2022-06-23,0,57,21.1,4.6,53.0,6.1,14.8,1013.1,1,0,0,0,0,0,0
84,2022-06-24,0,57,24.8,2.5,95.0,5.5,16.7,1013.0,1,0,0,0,0,0,0
85,2022-06-25,0,57,24.1,0.0,110.0,5.6,18.5,1011.4,1,0,0,0,0,0,0
86,2022-06-26,0,57,23.8,16.5,231.0,4.7,14.8,1014.9,1,0,0,0,0,0,0
87,2022-06-27,0,57,26.7,0.3,80.0,4.9,14.8,1016.1,1,0,0,0,0,0,0
88,2022-06-28,1,57,28.5,0.0,104.0,4.9,16.7,1015.6,1,0,0,0,0,0,0
89,2022-06-29,0,57,28.9,0.0,137.0,11.8,43.0,1012.4,1,0,0,0,0,0,0
90,2022-07-18,0,64,23.2,0.0,23.0,5.3,14.8,1023.7,1,0,0,0,0,0,0
91,2022-07-19,0,64,24.7,0.0,40.0,4.4,14.8,1021.4,1,0,0,0,0,0,0
92,2022-07-20,0,64,26.7,0.0,266.0,4.3,14.8,1019.7,1,0,0,0,0,0,0
93,2022-07-21,0,64,28.6,0.0,309.0,4.1,16.7,1016.4,1,0,0,0,0,0,0
94,2022-07-22,0,64,28.8,0.0,264.0,4.7,14.8,1015.7,1,0,0,0,0,0,0
95,2022-07-23,0,64,30.5,0.0,64.0,4.1,13.0,1014.4,1,0,0,0,0,0,0
96,2022-07-24,0,64,28.5,0.0,307.0,6.1,18.5,1015.7,1,0,0,0,0,0,0
97,2022-07-25,1,64,27.6,0.0,274.0,5.2,14.8,1014.4,1,0,0,0,0,0,0
98,2022-07-26,0,64,28.8,0.0,21.0,5.7,16.7,1009.8,1,0,0,0,0,0,0
99,2022-07-27,2,64,26.2,0.0,323.0,5.7,14.8,1012.6,1,0,0,0,0,0,0
100,2022-08-01,1,71,24.1,0.0,295.0,4.8,18.5,1013.9,1,0,0,0,0,0,0
101,2022-08-02,0,71,25.8,0.0,5.0,5.4,14.8,1015.2,1,0,0,0,0,0,0
102,2022-08-03,6,71,26.6,0.0,311.0,5.0,14.8,1015.9,1,0,0,0,0,0,0
103,2022-08-04,1,71,27.8,0.0,14.0,4.5,14.8,1015.7,1,0,0,0,0,0,0
104,2022-08-05,1,71,29.7,0.0,75.0,4.5,14.8,1014.0,1,0,0,0,0,0,0
105,2022-08-06,17,71,28.8,0.0,23.0,4.7,16.7,1012.1,1,0,0,0,0,0,0
106,2022-08-07,31,71,27.0,0.0,310.0,6.6,16.7,1015.0,1,0,0,0,0,0,0
107,2022-08-08,14,71,26.3,0.0,30.0,6.3,16.7,1016.3,1,0,0,0,0,0,0
108,2022-08-09,14,71,23.9,0.5,278.0,6.5,14.8,1019.1,1,0,0,0,0,0,0
109,2022-08-10,54,71,22.7,0.0,299.0,6.3,16.7,1018.9,1,0,0,0,0,0,0
110,2022-08-15,61,78,26.7,0.0,236.0,5.0,14.8,1007.4,1,0,0,0,0,0,0
111,2022-08-16,67,78,27.6,0.0,242.0,7.3,16.7,1009.1,1,0,0,0,0,0,0
112,2022-08-17,109,78,26.8,0.0,252.0,5.7,16.7,1011.4,1,0,0,0,0,0,0
113,2022-08-18,29,78,29.7,0.0,183.0,4.5,14.8,1011.3,1,0,0,0,0,0,0
114,2022-08-19,2,78,30.7,0.0,126.0,7.4,20.4,1009.3,1,0,0,0,0,0,0
115,2022-08-20,18,78,23.3,11.4,333.0,6.0,24.1,1009.8,1,0,0,0,0,0,0
116,2022-08-21,0,78,19.7,9.7,276.0,5.5,13.0,1009.4,1,0,0,0,0,0,0
117,2022-08-22,110,78,20.5,39.1,273.0,5.0,13.0,1009.5,1,0,0,0,0,0,0
118,2022-08-23,13,78,19.3,9.1,305.0,4.0,13.0,1013.2,1,0,0,0,0,0,0
119,2022-08-24,77,78,20.5,6.4,250.0,4.6,13.0,1015.8,1,0,0,0,0,0,0
120,2022-08-29,224,85,23.6,4.8,256.0,5.3,14.8,1016.3,1,0,0,0,0,0,0
121,2022-08-30,163,85,22.6,1.5,210.0,5.0,13.0,1017.1,1,0,0,0,0,0,0
122,2022-08-31,298,85,23.8,0.0,261.0,5.1,14.8,1014.4,1,0,0,0,0,0,0
123,2022-09-01,122,85,18.5,0.0,299.0,5.4,14.8,1013.7,1,0,0,0,0,0,0
124,2022-09-02,36,85,15.2,27.2,273.0,5.8,14.8,1016.0,1,0,0,0,0,0,0
125,2022-09-03,147,85,19.0,3.8,181.0,4.3,13.0,1017.8,1,0,0,0,0,0,0
126,2022-09-04,170,85,20.3,0.0,109.0,6.1,14.8,1019.9,1,0,0,0,0,0,0
127,2022-09-05,109,85,20.7,0.0,151.0,4.4,13.0,1022.9,1,0,0,0,0,0,0
128,2022-09-06,72,85,22.3,0.0,126.0,4.0,14.8,1020.3,1,0,0,0,0,0,0
129,2022-09-07,172,85,23.2,0.0,141.0,7.7,22.2,1016.7,1,0,0,0,0,0,0
130,2022-09-12,348,92,17.7,0.3,277.0,6.4,16.7,1015.2,1,0,0,0,0,0,0
131,2022-09-13,138,92,18.5,0.0,269.0,5.3,14.8,1014.5,1,0,0,0,0,0,0
132,2022-09-14,290,92,22.3,0.0,166.0,5.3,16.7,1011.1,1,0,0,0,0,0,0
133,2022-09-15,297,92,24.3,0.0,187.0,6.0,18.5,1008.3,1,0,0,0,0,0,0
134,2022-09-16,32,92,19.3,0.0,34.0,6.7,16.7,1008.1,1,0,0,0,0,0,0
135,2022-09-17,0,92,13.3,22.4,349.0,7.0,43.0,1005.7,1,0,0,0,0,0,0
136,2022-09-18,4,92,13.9,14.2,264.0,8.3,22.2,1013.4,1,0,0,0,0,0,0
137,2022-09-19,2,92,12.3,0.0,221.0,5.8,14.8,1015.2,1,0,0,0,0,0,0
138,2022-09-20,6,92,12.4,0.5,260.0,5.4,14.8,1018.7,1,0,0,0,0,0,0
139,2022-09-21,1,92,11.0,0.5,279.0,5.0,14.8,1021.0,1,0,0,0,0,0,0
140,2022-09-26,4,99,19.0,0.0,152.0,8.5,20.4,1008.2,1,0,0,0,0,0,0
141,2022-09-27,5,99,17.5,17.3,85.0,4.5,65.0,1002.1,1,0,0,0,0,0,0
142,2022-09-28,5,99,16.3,3.0,95.0,5.8,16.7,1004.2,1,0,0,0,0,0,0
143,2022-09-29,12,99,20.1,1.0,162.0,9.3,22.2,1003.6,1,0,0,0,0,0,0
144,2022-09-30,2,99,20.7,0.0,130.0,5.8,22.2,1011.1,1,0,0,0,0,0,0
145,2022-10-01,6,99,19.6,0.0,168.0,7.5,22.2,1014.5,1,0,0,0,0,0,0
146,2022-10-02,4,99,17.1,6.9,280.0,6.5,18.5,1018.2,1,0,0,0,0,0,0
147,2022-10-03,14,99,14.9,5.8,307.0,7.8,40.0,1018.5,1,0,0,0,0,0,0
148,2022-10-04,8,99,13.1,0.0,262.0,5.8,16.7,1023.0,1,0,0,0,0,0,0
149,2022-10-05,1,99,13.2,0.0,156.0,4.8,14.8,1028.8,1,0,0,0,0,0,0
150,2022-10-10,0,106,14.8,0.0,106.0,6.6,20.4,1023.0,1,0,0,0,0,0,0
151,2022-10-11,0,106,15.2,0.0,175.0,5.8,18.5,1021.9,1,0,0,0,0,0,0
152,2022-10-12,0,106,16.2,0.0,132.0,4.4,13.0,1023.5,1,0,0,0,0,0,0
153,2022-10-13,0,106,16.8,0.0,112.0,5.3,13.0,1021.8,1,0,0,0,0,0,0
154,2022-10-14,0,106,15.6,0.0,125.0,8.0,18.5,1018.8,1,0,0,0,0,0,0
155,2022-10-15,0,106,15.1,0.0,134.0,12.2,27.8,1019.2,1,0,0,0,0,0,0
156,2022-10-16,1,106,16.3,0.0,136.0,10.8,27.8,1024.0,1,0,0,0,0,0,0
157,2022-10-17,0,106,16.8,0.0,116.0,9.2,22.2,1030.7,1,0,0,0,0,0,0
158,2022-10-18,4,106,15.8,0.0,134.0,9.0,25.9,1027.8,1,0,0,0,0,0,0
159,2022-10-19,6,106,12.8,0.0,253.0,5.3,14.8,1022.4,1,0,0,0,0,0,0
160,2022-02-14,0,2,7.6,0.0,136.0,37.6,,1020.4,0,1,0,0,0,0,0
161,2022-02-15,0,2,10.2,0.0,139.0,32.0,,1016.8,0,1,0,0,0,0,0
162,2022-02-16,0,2,7.8,1.0,157.0,15.7,,1015.6,0,1,0,0,0,0,0
163,2022-02-17,0,2,9.5,1.2,161.0,19.1,,1007.7,0,1,0,0,0,0,0
164,2022-02-18,0,2,8.4,0.2,283.0,14.1,,1015.5,0,1,0,0,0,0,0
165,2022-02-19,0,2,10.9,0.0,81.0,23.6,,1015.8,0,1,0,0,0,0,0
166,2022-02-20,0,2,7.1,1.0,229.0,8.5,,1019.5,0,1,0,0,0,0,0
167,2022-02-21,0,2,9.4,5.7,151.0,22.0,,1009.1,0,1,0,0,0,0,0
168,2022-02-22,0,2,5.8,1.5,345.0,9.3,,1012.3,0,1,0,0,0,0,0
169,2022-02-23,0,2,3.0,1.3,263.0,5.3,,1023.4,0,1,0,0,0,0,0
170,2022-02-28,0,9,2.7,4.7,167.0,7.4,,1024.9,0,1,0,0,0,0,0
171,2022-03-01,0,9,2.4,0.4,343.0,6.5,,1026.2,0,1,0,0,0,0,0
172,2022-03-02,0,9,0.1,0.0,286.0,4.1,,1021.4,0,1,0,0,0,0,0
173,2022-03-03,0,9,2.6,0.0,291.0,4.5,,1016.2,0,1,0,0,0,0,0
174,2022-03-04,0,9,2.3,0.5,315.0,7.9,,1015.5,0,1,0,0,0,0,0
175,2022-03-05,0,9,0.5,0.0,6.0,7.3,,1018.0,0,1,0,0,0,0,0
176,2022-03-06,0,9,2.0,3.2,91.0,10.0,,1017.7,0,1,0,0,0,0,0
177,2022-03-07,0,9,1.5,2.0,352.0,6.9,,1017.9,0,1,0,0,0,0,0
178,2022-03-08,0,9,0.6,0.0,355.0,8.7,,1019.1,0,1,0,0,0,0,0
179,2022-03-09,0,9,0.2,0.0,339.0,11.6,,1020.3,0,1,0,0,0,0,0
180,2022-03-14,0,16,6.5,0.0,130.0,19.1,,1033.2,0,1,0,0,0,0,0
181,2022-03-15,0,16,5.6,0.0,34.0,3.5,,1032.4,0,1,0,0,0,0,0
182,2022-03-16,0,16,10.1,8.0,187.0,11.6,,1022.6,0,1,0,0,0,0,0
183,2022-03-17,0,16,5.6,0.0,150.0,24.2,,1030.4,0,1,0,0,0,0,0
184,2022-03-18,0,16,5.4,0.0,110.0,20.8,,1038.3,0,1,0,0,0,0,0
185,2022-03-19,0,16,4.6,0.0,154.0,15.2,,1038.6,0,1,0,0,0,0,0
186,2022-03-20,0,16,4.3,0.0,30.0,16.8,,1040.2,0,1,0,0,0,0,0
187,2022-03-21,0,16,4.6,0.0,349.0,6.4,,1036.7,0,1,0,0,0,0,0
188,2022-03-22,0,16,6.2,0.0,13.0,11.2,,1032.7,0,1,0,0,0,0,0
189,2022-03-23,0,16,11.4,0.0,43.0,12.8,,1029.5,0,1,0,0,0,0,0
190,2022-03-28,0,23,8.9,0.0,132.0,11.1,,1024.4,0,1,0,0,0,0,0
191,2022-03-29,0,23,14.1,0.0,194.0,9.7,,1012.2,0,1,0,0,0,0,0
192,2022-03-30,0,23,15.2,0.0,168.0,14.6,,1006.5,0,1,0,0,0,0,0
193,2022-03-31,0,23,14.7,8.1,145.0,30.3,,997.4,0,1,0,0,0,0,0
194,2022-04-01,0,23,14.3,20.7,145.0,23.6,,994.0,0,1,0,0,0,0,0
195,2022-04-02,0,23,7.4,19.9,312.0,7.8,,1001.1,0,1,0,0,0,0,0
196,2022-04-03,0,23,3.4,1.3,271.0,11.5,,1012.5,0,1,0,0,0,0,0
197,2022-04-04,0,23,4.6,0.0,238.0,4.1,,1019.9,0,1,0,0,0,0,0
198,2022-04-05,0,23,9.2,0.0,187.0,12.3,,1012.0,0,1,0,0,0,0,0
199,2022-04-06,0,23,12.8,0.0,120.0,11.3,,1009.8,0,1,0,0,0,0,0
200,2022-04-11,0,30,6.2,0.8,319.0,8.9,,1020.7,0,1,0,0,0,0,0
201,2022-04-12,0,30,7.0,0.0,37.0,7.1,,1021.2,0,1,0,0,0,0,0
202,2022-04-13,0,30,8.5,0.0,22.0,6.6,,1021.0,0,1,0,0,0,0,0
203,2022-04-14,0,30,10.6,0.0,49.0,6.5,,1020.8,0,1,0,0,0,0,0
204,2022-04-15,0,30,13.9,0.0,31.0,6.3,,1017.9,0,1,0,0,0,0,0
205,2022-04-16,0,30,11.6,0.3,324.0,12.9,,1018.0,0,1,0,0,0,0,0
206,2022-04-17,0,30,6.4,0.0,30.0,11.6,,1018.0,0,1,0,0,0,0,0
207,2022-04-18,0,30,5.9,0.1,357.0,8.3,,1014.5,0,1,0,0,0,0,0
208,2022-04-19,0,30,6.2,0.2,270.0,5.8,,1012.5,0,1,0,0,0,0,0
209,2022-04-20,0,30,7.3,2.5,184.0,8.7,,1014.0,0,1,0,0,0,0,0
210,2022-05-09,0,37,18.4,0.0,51.0,6.8,,1021.1,0,1,0,0,0,0,0
211,2022-05-10,0,37,15.9,1.6,105.0,9.4,,1020.1,0,1,0,0,0,0,0
212,2022-05-11,0,37,16.5,0.0,146.0,4.1,,1019.6,0,1,0,0,0,0,0
213,2022-05-12,0,37,20.8,0.0,145.0,7.7,,1018.7,0,1,0,0,0,0,0
214,2022-05-13,0,37,21.4,0.0,345.0,5.1,,1016.0,0,1,0,0,0,0,0
215,2022-05-14,0,37,20.4,0.0,337.0,10.9,,1016.3,0,1,0,0,0,0,0
216,2022-05-15,0,37,18.4,0.0,297.0,6.7,,1018.2,0,1,0,0,0,0,0
217,2022-05-16,0,37,19.1,0.0,87.0,5.2,,1017.9,0,1,0,0,0,0,0
218,2022-05-17,0,37,21.1,7.8,305.0,10.7,,1014.8,0,1,0,0,0,0,0
219,2022-05-18,0,37,16.6,0.0,359.0,21.8,,1020.9,0,1,0,0,0,0,0
220,2022-05-23,0,44,16.7,0.0,357.0,8.0,,1010.9,0,1,0,0,0,0,0
221,2022-05-24,0,44,19.6,0.8,124.0,18.9,,1009.2,0,1,0,0,0,0,0
222,2022-05-25,0,44,24.6,0.0,138.0,28.3,,1011.4,0,1,0,0,0,0,0
223,2022-05-26,0,44,19.6,,333.0,11.2,,1020.4,0,1,0,0,0,0,0
224,2022-05-27,0,44,20.6,0.0,64.0,4.1,,1017.7,0,1,0,0,0,0,0
225,2022-05-28,0,44,16.2,0.6,355.0,12.3,,1013.2,0,1,0,0,0,0,0
226,2022-05-29,0,44,13.9,7.6,24.0,5.9,,1010.5,0,1,0,0,0,0,0
227,2022-05-30,0,44,17.0,0.0,360.0,6.8,,1011.7,0,1,0,0,0,0,0
228,2022-05-31,1,44,18.5,0.7,5.0,6.8,,1016.2,0,1,0,0,0,0,0
229,2022-06-01,2,44,22.5,0.0,136.0,8.0,,1015.1,0,1,0,0,0,0,0
230,2022-06-06,0,51,23.7,0.9,334.0,9.3,,1013.7,0,1,0,0,0,0,0
231,2022-06-07,1,51,24.6,0.1,146.0,21.3,,1012.2,0,1,0,0,0,0,0
232,2022-06-08,0,51,23.3,0.0,163.0,26.3,,1008.5,0,1,0,0,0,0,0
233,2022-06-09,0,51,22.2,0.0,127.0,15.0,,1006.2,0,1,0,0,0,0,0
234,2022-06-10,1,51,21.4,0.3,34.0,7.2,,1009.6,0,1,0,0,0,0,0
235,2022-06-11,0,51,20.1,1.4,10.0,8.9,,1013.1,0,1,0,0,0,0,0
236,2022-06-12,0,51,22.4,0.2,20.0,11.4,,1014.2,0,1,0,0,0,0,0
237,2022-06-13,0,51,23.5,0.0,302.0,7.3,,1013.9,0,1,0,0,0,0,0
238,2022-06-14,1,51,20.7,0.0,340.0,12.6,,1017.9,0,1,0,0,0,0,0
239,2022-06-15,0,51,19.0,0.0,287.0,4.9,,1020.1,0,1,0,0,0,0,0
240,2022-06-20,0,58,26.3,0.0,170.0,11.2,,1011.7,0,1,0,0,0,0,0
241,2022-06-21,0,58,25.7,0.5,319.0,12.8,,1010.2,0,1,0,0,0,0,0
242,2022-06-22,0,58,21.7,0.0,342.0,7.2,,1012.2,0,1,0,0,0,0,0
243,2022-06-23,0,58,20.2,2.1,290.0,5.6,,1013.2,0,1,0,0,0,0,0
244,2022-06-24,1,58,22.3,0.0,290.0,5.4,,1013.4,0,1,0,0,0,0,0
245,2022-06-25,1,58,22.2,3.1,200.0,6.3,,1012.0,0,1,0,0,0,0,0
246,2022-06-26,1,58,22.8,0.8,167.0,7.2,,1015.3,0,1,0,0,0,0,0
247,2022-06-27,6,58,24.5,0.0,59.0,4.5,,1016.8,0,1,0,0,0,0,0
248,2022-06-28,6,58,26.2,0.0,353.0,7.0,,1015.9,0,1,0,0,0,0,0
249,2022-06-29,6,58,29.2,0.0,146.0,20.7,,1013.7,0,1,0,0,0,0,0
250,2022-07-18,0,65,20.3,0.0,17.0,6.0,,1024.1,0,1,0,0,0,0,0
251,2022-07-19,1,65,21.6,0.0,353.0,3.1,,1022.0,0,1,0,0,0,0,0
252,2022-07-20,1,65,23.8,0.0,20.0,6.3,,1020.2,0,1,0,0,0,0,0
253,2022-07-21,0,65,26.3,0.0,347.0,9.7,,1016.6,0,1,0,0,0,0,0
254,2022-07-22,0,65,25.5,0.0,277.0,4.0,,1016.2,0,1,0,0,0,0,0
255,2022-07-23,1,65,27.2,0.0,166.0,6.2,,1015.0,0,1,0,0,0,0,0
256,2022-07-24,1,65,26.3,0.5,325.0,11.8,,1015.7,0,1,0,0,0,0,0
257,2022-07-25,2,65,25.2,0.0,263.0,5.6,,1014.7,0,1,0,0,0,0,0
258,2022-07-26,4,65,26.4,0.0,345.0,7.7,,1010.6,0,1,0,0,0,0,0
259,2022-07-27,4,65,25.1,0.0,354.0,9.1,,1012.9,0,1,0,0,0,0,0
260,2022-08-01,1,72,21.9,0.0,327.0,8.3,,1014.5,0,1,0,0,0,0,0
261,2022-08-02,5,72,22.4,0.0,15.0,9.8,,1015.7,0,1,0,0,0,0,0
262,2022-08-03,6,72,24.1,0.0,3.0,5.6,,1016.4,0,1,0,0,0,0,0
263,2022-08-04,8,72,24.8,0.0,28.0,5.6,,1016.3,0,1,0,0,0,0,0
264,2022-08-05,16,72,25.6,0.0,354.0,5.2,,1014.7,0,1,0,0,0,0,0
265,2022-08-06,10,72,26.1,0.0,16.0,4.4,,1012.6,0,1,0,0,0,0,0
266,2022-08-07,36,72,26.0,0.7,321.0,8.7,,1014.9,0,1,0,0,0,0,0
267,2022-08-08,7,72,24.7,2.2,47.0,9.6,,1017.2,0,1,0,0,0,0,0
268,2022-08-09,25,72,21.8,11.8,11.0,5.3,,1019.2,0,1,0,0,0,0,0
269,2022-08-10,9,72,23.1,0.0,353.0,9.5,,1018.7,0,1,0,0,0,0,0
270,2022-08-15,10,79,25.0,0.6,208.0,11.0,,1007.9,0,1,0,0,0,0,0
271,2022-08-16,106,79,25.9,0.0,186.0,14.0,,1009.5,0,1,0,0,0,0,0
272,2022-08-17,49,79,27.0,0.0,230.0,10.5,,1011.5,0,1,0,0,0,0,0
273,2022-08-18,66,79,28.0,0.0,222.0,7.0,,1012.1,0,1,0,0,0,0,0
274,2022-08-19,71,79,30.5,0.0,106.0,7.0,,1010.4,0,1,0,0,0,0,0
275,2022-08-20,22,79,24.3,7.0,23.0,13.3,,1010.3,0,1,0,0,0,0,0
276,2022-08-21,16,79,20.2,19.9,354.0,6.5,,1009.3,0,1,0,0,0,0,0
277,2022-08-22,118,79,20.2,1.7,283.0,5.1,,1009.9,0,1,0,0,0,0,0
278,2022-08-23,130,79,19.7,5.7,357.0,7.9,,1013.2,0,1,0,0,0,0,0
279,2022-08-24,92,79,22.1,0.1,248.0,5.4,,1015.8,0,1,0,0,0,0,0
280,2022-08-29,161,86,22.7,0.9,177.0,7.7,,1016.5,0,1,0,0,0,0,0
281,2022-08-30,294,86,22.1,0.7,216.0,7.5,,1017.3,0,1,0,0,0,0,0
282,2022-08-31,233,86,22.1,0.0,19.0,4.2,,1015.1,0,1,0,0,0,0,0
283,2022-09-01,458,86,19.5,16.0,303.0,4.1,,1013.4,0,1,0,0,0,0,0
284,2022-09-02,41,86,15.7,19.7,225.0,6.9,,1015.5,0,1,0,0,0,0,0
285,2022-09-03,169,86,17.5,0.4,358.0,3.6,,1018.2,0,1,0,0,0,0,0
286,2022-09-04,173,86,19.1,0.1,124.0,9.5,,1020.5,0,1,0,0,0,0,0
287,2022-09-05,95,86,20.8,0.0,117.0,9.4,,1023.5,0,1,0,0,0,0,0
288,2022-09-06,295,86,20.6,0.1,99.0,5.7,,1020.9,0,1,0,0,0,0,0
289,2022-09-07,312,86,23.9,0.0,141.0,23.3,,1017.7,0,1,0,0,0,0,0
290,2022-09-12,33,93,16.3,0.2,296.0,6.3,,1014.8,0,1,0,0,0,0,0
291,2022-09-13,30,93,15.5,0.0,334.0,5.3,,1014.4,0,1,0,0,0,0,0
292,2022-09-14,14,93,21.1,0.0,169.0,16.5,,1011.6,0,1,0,0,0,0,0
293,2022-09-15,12,93,24.7,0.0,188.0,17.3,,1008.8,0,1,0,0,0,0,0
294,2022-09-16,5,93,18.9,4.7,201.0,4.1,,1008.7,0,1,0,0,0,0,0
295,2022-09-17,5,93,14.4,19.3,349.0,12.7,,1004.9,0,1,0,0,0,0,0
296,2022-09-18,10,93,12.8,1.3,277.0,16.1,,1012.8,0,1,0,0,0,0,0
297,2022-09-19,21,93,12.4,1.5,62.0,10.5,,1015.0,0,1,0,0,0,0,0
298,2022-09-20,49,93,12.1,0.5,263.0,7.3,,1018.0,0,1,0,0,0,0,0
299,2022-09-21,23,93,10.1,7.8,306.0,4.6,,1020.3,0,1,0,0,0,0,0
300,2022-09-26,3,100,18.4,6.5,154.0,25.8,,1008.8,0,1,0,0,0,0,0
301,2022-09-27,0,100,16.8,5.5,158.0,10.0,,1002.4,0,1,0,0,0,0,0
302,2022-09-28,4,100,15.8,0.3,62.0,6.9,,1004.3,0,1,0,0,0,0,0
303,2022-09-29,3,100,19.7,4.9,144.0,23.6,,1004.5,0,1,0,0,0,0,0
304,2022-09-30,3,100,20.6,0.0,140.0,18.3,,1012.0,0,1,0,0,0,0,0
305,2022-10-01,3,100,20.3,11.6,150.0,20.0,,1014.8,0,1,0,0,0,0,0
306,2022-10-02,6,100,15.7,4.5,308.0,9.9,,1018.0,0,1,0,0,0,0,0
307,2022-10-03,5,100,14.0,5.6,298.0,11.4,,1017.8,0,1,0,0,0,0,0
308,2022-10-04,1,100,11.0,3.4,251.0,4.3,,1022.6,0,1,0,0,0,0,0
309,2022-10-05,1,100,9.4,0.0,55.0,3.0,,1029.2,0,1,0,0,0,0,0
310,2022-10-10,1,107,13.6,0.0,131.0,18.0,,1023.3,0,1,0,0,0,0,0
311,2022-10-11,1,107,15.9,0.2,150.0,17.5,,1022.0,0,1,0,0,0,0,0
312,2022-10-12,1,107,15.3,0.1,5.0,3.0,,1023.9,0,1,0,0,0,0,0
313,2022-10-13,1,107,17.2,0.0,138.0,10.5,,1022.4,0,1,0,0,0,0,0
314,2022-10-14,0,107,15.4,0.0,88.0,8.3,,1019.6,0,1,0,0,0,0,0
315,2022-10-15,1,107,15.2,0.0,147.0,29.2,,1019.9,0,1,0,0,0,0,0
316,2022-10-16,0,107,16.7,0.0,133.0,26.7,,1024.8,0,1,0,0,0,0,0
317,2022-10-17,1,107,16.9,0.0,125.0,14.6,,1031.6,0,1,0,0,0,0,0
318,2022-10-18,2,107,16.4,0.0,138.0,12.5,,1028.3,0,1,0,0,0,0,0
319,2022-10-19,3,107,11.1,0.0,281.0,6.0,,1022.2,0,1,0,0,0,0,0
320,2022-02-14,0,3,6.1,,210.0,6.5,18.5,1022.7,0,0,0,1,0,0,0
321,2022-02-15,0,3,9.5,,203.0,8.0,22.2,1018.7,0,0,0,1,0,0,0
322,2022-02-16,0,3,8.4,,234.0,4.0,18.5,1017.0,0,0,0,1,0,0,0
323,2022-02-17,0,3,9.3,,200.0,8.5,20.4,1010.2,0,0,0,1,0,0,0
324,2022-02-18,0,3,9.6,,272.0,12.4,47.0,1017.6,0,0,0,1,0,0,0
325,2022-02-19,0,3,9.9,,271.0,8.6,20.4,1017.0,0,0,0,1,0,0,0
326,2022-02-20,0,3,6.0,,292.0,4.3,14.8,1021.3,0,0,0,1,0,0,0
327,2022-02-21,0,3,8.6,,218.0,9.8,20.4,1011.0,0,0,0,1,0,0,0
328,2022-02-22,0,3,5.5,,308.0,13.3,31.5,1013.8,0,0,0,1,0,0,0
329,2022-02-23,0,3,5.9,,278.0,9.3,27.8,1024.3,0,0,0,1,0,0,0
330,2022-02-28,0,10,1.6,,356.0,2.9,13.0,1026.2,0,0,0,1,0,0,0
331,2022-03-01,0,10,1.6,,342.0,6.3,20.4,1027.3,0,0,0,1,0,0,0
332,2022-03-02,0,10,2.6,,282.0,8.8,31.5,1023.1,0,0,0,1,0,0,0
333,2022-03-03,0,10,4.2,,254.0,7.2,25.9,1017.9,0,0,0,1,0,0,0
334,2022-03-04,0,10,2.2,,302.0,7.2,22.2,1016.6,0,0,0,1,0,0,0
335,2022-03-05,0,10,2.2,,5.0,7.1,22.2,1018.5,0,0,0,1,0,0,0
336,2022-03-06,0,10,0.7,,9.0,3.4,14.8,1017.4,0,0,0,1,0,0,0
337,2022-03-07,0,10,0.6,,328.0,6.2,16.7,1019.0,0,0,0,1,0,0,0
338,2022-03-08,0,10,-0.4,,282.0,8.8,27.8,1020.9,0,0,0,1,0,0,0
339,2022-03-09,0,10,0.4,,239.0,10.1,35.2,1022.1,0,0,0,1,0,0,0
340,2022-03-14,0,17,3.0,,134.0,4.9,22.2,1034.2,0,0,0,1,0,0,0
341,2022-03-15,0,17,6.7,,183.0,5.3,18.5,1033.3,0,0,0,1,0,0,0
342,2022-03-16,0,17,9.4,,213.0,7.2,22.2,1024.2,0,0,0,1,0,0,0
343,2022-03-17,0,17,5.5,,44.0,4.8,18.5,1030.6,0,0,0,1,0,0,0
344,2022-03-18,0,17,2.3,,79.0,5.2,20.4,1038.8,0,0,0,1,0,0,0
345,2022-03-19,0,17,2.2,,79.0,5.0,18.5,1039.9,0,0,0,1,0,0,0
346,2022-03-20,0,17,3.2,,73.0,6.6,22.2,1040.7,0,0,0,1,0,0,0
347,2022-03-21,0,17,2.6,,347.0,5.6,24.1,1037.7,0,0,0,1,0,0,0
348,2022-03-22,0,17,6.2,,290.0,8.3,31.5,1034.2,0,0,0,1,0,0,0
349,2022-03-23,0,17,8.3,,337.0,6.0,20.4,1030.8,0,0,0,1,0,0,0
350,2022-03-28,0,24,10.4,,1.0,3.5,13.0,1025.6,0,0,0,1,0,0,0
351,2022-03-29,0,24,13.7,,197.0,6.3,20.4,1014.3,0,0,0,1,0,0,0
352,2022-03-30,0,24,14.3,,204.0,8.2,27.8,1008.6,0,0,0,1,0,0,0
353,2022-03-31,0,24,15.7,,154.0,13.3,43.0,999.1,0,0,0,1,0,0,0
354,2022-04-01,0,24,15.1,,145.0,10.0,43.0,995.4,0,0,0,1,0,0,0
355,2022-04-02,0,24,10.8,,345.0,10.5,58.0,1001.7,0,0,0,1,0,0,0
356,2022-04-03,0,24,4.2,,325.0,9.7,33.3,1014.3,0,0,0,1,0,0,0
357,2022-04-04,0,24,4.9,,124.0,4.5,13.0,1021.1,0,0,0,1,0,0,0
358,2022-04-05,0,24,8.9,,221.0,7.5,16.7,1013.6,0,0,0,1,0,0,0
359,2022-04-06,0,24,13.2,,169.0,7.0,22.2,1011.1,0,0,0,1,0,0,0
360,2022-04-11,0,31,7.4,,298.0,15.5,43.0,1022.2,0,0,0,1,0,0,0
361,2022-04-12,0,31,9.2,,203.0,6.7,16.7,1021.9,0,0,0,1,0,0,0
362,2022-04-13,0,31,9.8,,337.0,6.2,25.9,1021.4,0,0,0,1,0,0,0
363,2022-04-14,0,31,10.9,,143.0,5.0,14.8,1021.8,0,0,0,1,0,0,0
364,2022-04-15,0,31,14.4,,272.0,6.0,22.2,1018.9,0,0,0,1,0,0,0
365,2022-04-16,0,31,12.5,,283.0,10.0,31.5,1019.1,0,0,0,1,0,0,0
366,2022-04-17,0,31,6.3,,340.0,12.5,29.6,1019.7,0,0,0,1,0,0,0
367,2022-04-18,0,31,6.5,,345.0,7.1,25.9,1015.9,0,0,0,1,0,0,0
368,2022-04-19,0,31,7.6,,258.0,6.1,22.2,1014.0,0,0,0,1,0,0,0
369,2022-04-20,0,31,5.6,,277.0,5.6,18.5,1015.2,0,0,0,1,0,0,0
370,2022-05-09,0,38,16.2,,337.0,5.1,16.7,1021.3,0,0,0,1,0,0,0
371,2022-05-10,0,38,15.3,,337.0,5.4,24.1,1021.3,0,0,0,1,0,0,0
372,2022-05-11,0,38,17.1,,321.0,4.7,14.8,1020.8,0,0,0,1,0,0,0
373,2022-05-12,0,38,19.5,,214.0,5.8,16.7,1019.8,0,0,0,1,0,0,0
374,2022-05-13,0,38,21.4,,303.0,6.5,14.8,1017.2,0,0,0,1,0,0,0
375,2022-05-14,0,38,21.0,,263.0,11.1,31.5,1017.3,0,0,0,1,0,0,0
376,2022-05-15,0,38,20.1,,237.0,8.0,22.2,1019.1,0,0,0,1,0,0,0
377,2022-05-16,0,38,19.8,,249.0,5.6,14.8,1019.0,0,0,0,1,0,0,0
378,2022-05-17,0,38,19.9,,226.0,7.8,43.0,1016.2,0,0,0,1,0,0,0
379,2022-05-18,0,38,17.0,,315.0,14.1,50.0,1021.1,0,0,0,1,0,0,0
380,2022-05-23,0,45,19.2,,317.0,6.1,18.5,1011.7,0,0,0,1,0,0,0
381,2022-05-24,0,45,21.9,,235.0,5.1,16.7,1009.7,0,0,0,1,0,0,0
382,2022-05-25,0,45,24.6,,193.0,7.7,18.5,1012.0,0,0,0,1,0,0,0
383,2022-05-26,0,45,21.3,,338.0,9.1,18.5,1020.6,0,0,0,1,0,0,0
384,2022-05-27,0,45,21.9,0.0,38.0,4.7,16.7,1018.3,0,0,0,1,0,0,0
385,2022-05-28,0,45,16.4,4.0,322.0,9.6,79.0,1014.2,0,0,0,1,0,0,0
386,2022-05-29,0,45,14.0,0.2,359.0,5.3,18.5,1011.9,0,0,0,1,0,0,0
387,2022-05-30,0,45,17.8,1.0,28.0,4.3,65.0,1011.9,0,0,0,1,0,0,0
388,2022-05-31,0,45,18.2,1.7,317.0,4.9,18.5,1016.9,0,0,0,1,0,0,0
389,2022-06-01,0,45,22.0,0.3,258.0,7.0,16.7,1015.9,0,0,0,1,0,0,0
390,2022-06-06,0,52,21.2,14.4,204.0,5.1,,1014.7,0,0,0,1,0,0,0
391,2022-06-07,0,52,22.1,0.0,151.0,6.3,,1013.4,0,0,0,1,0,0,0
392,2022-06-08,0,52,21.2,5.1,147.0,5.1,,1009.6,0,0,0,1,0,0,0
393,2022-06-09,0,52,20.4,0.0,163.0,6.1,,1007.0,0,0,0,1,0,0,0
394,2022-06-10,0,52,19.9,8.3,8.0,6.0,,1009.9,0,0,0,1,0,0,0
395,2022-06-11,0,52,18.6,23.5,311.0,9.2,,1014.4,0,0,0,1,0,0,0
396,2022-06-12,0,52,19.7,19.6,253.0,10.2,,1015.7,0,0,0,1,0,0,0
397,2022-06-13,0,52,22.5,1.0,319.0,5.7,,1015.3,0,0,0,1,0,0,0
398,2022-06-14,0,52,20.1,0.0,290.0,10.6,29.6,1018.9,0,0,0,1,0,0,0
399,2022-06-15,0,52,19.1,0.0,195.0,6.0,18.5,1021.0,0,0,0,1,0,0,0
400,2022-06-20,0,59,22.8,0.0,198.0,5.1,14.8,1013.2,0,0,0,1,0,0,0
401,2022-06-21,0,59,24.0,0.3,250.0,8.5,58.0,1011.5,0,0,0,1,0,0,0
402,2022-06-22,0,59,22.2,0.0,317.0,5.5,18.5,1013.2,0,0,0,1,0,0,0
403,2022-06-23,0,59,20.0,9.8,334.0,6.9,47.0,1013.7,0,0,0,1,0,0,0
404,2022-06-24,0,59,22.1,0.0,9.0,4.0,16.7,1014.5,0,0,0,1,0,0,0
405,2022-06-25,0,59,23.4,2.2,189.0,6.9,16.7,1012.8,0,0,0,1,0,0,0
406,2022-06-26,0,59,22.7,0.0,197.0,6.5,16.7,1016.0,0,0,0,1,0,0,0
407,2022-06-27,0,59,24.5,0.0,281.0,5.7,14.8,1017.4,0,0,0,1,0,0,0
408,2022-06-28,0,59,24.8,0.0,359.0,5.7,16.7,1016.9,0,0,0,1,0,0,0
409,2022-06-29,0,59,26.2,0.0,146.0,6.9,20.4,1014.5,0,0,0,1,0,0,0
410,2022-07-18,3,66,20.2,0.0,343.0,5.3,18.5,1023.8,0,0,0,1,0,0,0
411,2022-07-19,2,66,22.3,0.0,10.0,5.2,16.7,1021.6,0,0,0,1,0,0,0
412,2022-07-20,4,66,24.1,0.0,207.0,5.0,13.0,1020.2,0,0,0,1,0,0,0
413,2022-07-21,2,66,26.0,0.0,261.0,9.0,24.1,1017.0,0,0,0,1,0,0,0
414,2022-07-22,1,66,26.9,0.0,306.0,6.4,20.4,1016.1,0,0,0,1,0,0,0
415,2022-07-23,2,66,28.2,0.0,217.0,5.1,14.8,1015.0,0,0,0,1,0,0,0
416,2022-07-24,1,66,27.1,1.4,320.0,10.3,40.0,1015.8,0,0,0,1,0,0,0
417,2022-07-25,0,66,26.3,0.0,266.0,6.6,20.4,1014.8,0,0,0,1,0,0,0
418,2022-07-26,0,66,26.5,0.0,322.0,5.7,22.2,1010.3,0,0,0,1,0,0,0
419,2022-07-27,0,66,24.9,0.0,324.0,7.3,18.5,1012.9,0,0,0,1,0,0,0
420,2022-08-01,2,73,21.6,0.0,270.0,6.8,24.1,1014.5,0,0,0,1,0,0,0
421,2022-08-02,1,73,22.8,0.0,277.0,4.9,18.5,1015.1,0,0,0,1,0,0,0
422,2022-08-03,10,73,24.0,0.0,262.0,4.1,16.7,1016.3,0,0,0,1,0,0,0
423,2022-08-04,0,73,24.8,0.0,223.0,4.2,16.7,1015.9,0,0,0,1,0,0,0
424,2022-08-05,1,73,24.9,0.0,158.0,3.7,13.0,1014.6,0,0,0,1,0,0,0
425,2022-08-06,4,73,25.3,0.0,245.0,4.2,14.8,1012.8,0,0,0,1,0,0,0
426,2022-08-07,8,73,24.3,0.2,288.0,5.8,22.2,1015.1,0,0,0,1,0,0,0
427,2022-08-08,10,73,25.7,0.0,23.0,4.0,13.0,1015.7,0,0,0,1,0,0,0
428,2022-08-09,24,73,23.3,3.4,316.0,4.8,18.5,1018.8,0,0,0,1,0,0,0
429,2022-08-10,50,73,23.2,0.0,289.0,6.3,24.1,1018.7,0,0,0,1,0,0,0
430,2022-08-15,40,80,23.5,0.4,217.0,4.6,14.8,1009.0,0,0,0,1,0,0,0
431,2022-08-16,48,80,24.9,0.0,231.0,5.8,16.7,1010.0,0,0,0,1,0,0,0
432,2022-08-17,68,80,25.6,0.0,237.0,5.2,16.7,1012.0,0,0,0,1,0,0,0
433,2022-08-18,12,80,26.5,0.0,226.0,4.2,14.8,1012.1,0,0,0,1,0,0,0
434,2022-08-19,4,80,27.2,0.0,162.0,5.2,16.7,1010.5,0,0,0,1,0,0,0
435,2022-08-20,8,80,23.1,18.4,258.0,3.0,13.0,1009.9,0,0,0,1,0,0,0
436,2022-08-21,0,80,20.6,16.9,258.0,4.3,14.8,1010.1,0,0,0,1,0,0,0
437,2022-08-22,52,80,20.1,1.2,261.0,3.0,11.1,1010.0,0,0,0,1,0,0,0
438,2022-08-23,88,80,19.3,12.5,300.0,2.5,11.1,1012.7,0,0,0,1,0,0,0
439,2022-08-24,74,80,20.9,0.1,290.0,2.9,13.0,1015.8,0,0,0,1,0,0,0
440,2022-08-29,45,87,23.0,4.4,253.0,3.5,14.8,1016.1,0,0,0,1,0,0,0
441,2022-08-30,55,87,21.2,2.0,250.0,3.9,14.8,1017.5,0,0,0,1,0,0,0
442,2022-08-31,88,87,21.9,4.9,236.0,3.8,16.7,1015.1,0,0,0,1,0,0,0
443,2022-09-01,144,87,19.2,3.4,281.0,3.6,16.7,1013.4,0,0,0,1,0,0,0
444,2022-09-02,10,87,15.4,27.4,296.0,3.4,13.0,1016.2,0,0,0,1,0,0,0
445,2022-09-03,70,87,17.7,0.0,210.0,2.4,13.0,1018.2,0,0,0,1,0,0,0
446,2022-09-04,96,87,19.0,2.9,158.0,2.8,13.0,1019.5,0,0,0,1,0,0,0
447,2022-09-05,108,87,19.7,0.2,197.0,2.6,13.0,1023.0,0,0,0,1,0,0,0
448,2022-09-06,40,87,20.5,0.0,166.0,2.9,13.0,1020.7,0,0,0,1,0,0,0
449,2022-09-07,120,87,20.6,0.0,170.0,4.9,16.7,1017.9,0,0,0,1,0,0,0
450,2022-09-12,40,94,17.8,0.2,258.0,7.6,27.8,1015.8,0,0,0,1,0,0,0
451,2022-09-13,18,94,17.4,0.0,240.0,5.9,25.9,1015.2,0,0,0,1,0,0,0
452,2022-09-14,24,94,20.6,0.0,189.0,5.9,16.7,1013.0,0,0,0,1,0,0,0
453,2022-09-15,48,94,23.0,0.0,208.0,6.5,18.5,1010.0,0,0,0,1,0,0,0
454,2022-09-16,30,94,22.4,1.4,223.0,3.6,14.8,1008.3,0,0,0,1,0,0,0
455,2022-09-17,22,94,14.3,10.5,320.0,3.9,18.5,1005.9,0,0,0,1,0,0,0
456,2022-09-18,10,94,12.9,1.4,281.0,9.3,33.3,1014.2,0,0,0,1,0,0,0
457,2022-09-19,5,94,11.1,2.8,224.0,5.9,22.2,1016.2,0,0,0,1,0,0,0
458,2022-09-20,8,94,11.9,0.2,239.0,4.5,24.1,1019.4,0,0,0,1,0,0,0
459,2022-09-21,4,94,10.9,2.4,269.0,7.5,29.6,1020.8,0,0,0,1,0,0,0
460,2022-09-26,4,101,16.8,21.4,178.0,6.2,20.4,1010.9,0,0,0,1,0,0,0
461,2022-09-27,5,101,16.3,2.1,204.0,4.1,22.2,1003.6,0,0,0,1,0,0,0
462,2022-09-28,2,101,15.4,0.8,198.0,4.3,13.0,1005.2,0,0,0,1,0,0,0
463,2022-09-29,3,101,17.4,0.0,175.0,6.8,25.9,1005.4,0,0,0,1,0,0,0
464,2022-09-30,7,101,20.2,0.0,198.0,8.1,25.9,1012.0,0,0,0,1,0,0,0
465,2022-10-01,6,101,17.5,11.8,192.0,6.7,43.0,1016.0,0,0,0,1,0,0,0
466,2022-10-02,8,101,16.6,0.0,284.0,8.3,31.5,1018.9,0,0,0,1,0,0,0
467,2022-10-03,2,101,13.0,3.5,281.0,9.4,50.0,1018.8,0,0,0,1,0,0,0
468,2022-10-04,5,101,13.0,1.0,297.0,9.0,25.9,1023.1,0,0,0,1,0,0,0
469,2022-10-05,0,101,11.3,0.0,330.0,3.7,13.0,1028.9,0,0,0,1,0,0,0
470,2022-10-10,0,108,14.1,0.0,112.0,3.9,16.7,1023.6,0,0,0,1,0,0,0
471,2022-10-11,1,108,13.2,1.0,15.0,3.3,11.1,1021.9,0,0,0,1,0,0,0
472,2022-10-12,0,108,15.3,0.0,356.0,3.1,13.0,1023.9,0,0,0,1,0,0,0
473,2022-10-13,0,108,14.6,0.0,355.0,3.2,13.0,1022.4,0,0,0,1,0,0,0
474,2022-10-14,2,108,12.1,0.0,17.0,2.8,14.8,1019.7,0,0,0,1,0,0,0
475,2022-10-15,0,108,11.6,0.0,57.0,4.0,18.5,1020.3,0,0,0,1,0,0,0
476,2022-10-16,1,108,14.2,0.0,177.0,5.1,18.5,1024.2,0,0,0,1,0,0,0
477,2022-10-17,2,108,11.5,0.0,16.0,2.5,18.5,1031.2,0,0,0,1,0,0,0
478,2022-10-18,0,108,10.7,0.0,70.0,4.1,16.7,1029.2,0,0,0,1,0,0,0
479,2022-10-19,1,108,11.7,0.4,294.0,7.7,22.2,1022.8,0,0,0,1,0,0,0
480,2022-02-14,0,4,3.9,,231.0,4.5,18.5,1022.7,0,0,1,0,0,0,0
481,2022-02-15,0,4,8.8,,136.0,9.5,20.4,1018.5,0,0,1,0,0,0,0
482,2022-02-16,0,4,8.2,,344.0,3.4,20.4,1016.4,0,0,1,0,0,0,0
483,2022-02-17,0,4,7.6,,316.0,4.9,13.0,1010.1,0,0,1,0,0,0,0
484,2022-02-18,0,4,9.2,,279.0,8.0,25.9,1017.6,0,0,1,0,0,0,0
485,2022-02-19,0,4,8.7,,17.0,4.4,18.5,1017.0,0,0,1,0,0,0,0
486,2022-02-20,0,4,6.6,,256.0,4.0,13.0,1020.6,0,0,1,0,0,0,0
487,2022-02-21,0,4,6.8,,341.0,4.4,18.5,1010.8,0,0,1,0,0,0,0
488,2022-02-22,0,4,4.8,,271.0,10.5,27.8,1013.7,0,0,1,0,0,0,0
489,2022-02-23,0,4,5.6,,275.0,6.8,24.1,1024.6,0,0,1,0,0,0,0
490,2022-02-28,0,11,1.7,,263.0,3.8,13.0,1026.0,0,0,1,0,0,0,0
491,2022-03-01,0,11,1.2,,270.0,5.5,16.7,1027.4,0,0,1,0,0,0,0
492,2022-03-02,0,11,2.3,,290.0,7.1,25.9,1022.9,0,0,1,0,0,0,0
493,2022-03-03,0,11,3.9,,276.0,7.5,22.2,1017.8,0,0,1,0,0,0,0
494,2022-03-04,0,11,2.5,,277.0,5.7,18.5,1016.6,0,0,1,0,0,0,0
495,2022-03-05,0,11,2.8,,359.0,5.9,14.8,1017.9,0,0,1,0,0,0,0
496,2022-03-06,0,11,0.4,,70.0,4.2,16.7,1016.5,0,0,1,0,0,0,0
497,2022-03-07,0,11,0.6,,273.0,6.2,18.5,1018.6,0,0,1,0,0,0,0
498,2022-03-08,0,11,-0.6,,270.0,7.7,22.2,1021.0,0,0,1,0,0,0,0
499,2022-03-09,0,11,0.2,,273.0,8.8,40.0,1022.2,0,0,1,0,0,0,0
500,2022-03-14,0,18,3.2,,130.0,5.6,18.5,1034.1,0,0,1,0,0,0,0
501,2022-03-15,0,18,6.1,,120.0,3.9,13.0,1033.3,0,0,1,0,0,0,0
502,2022-03-16,0,18,8.6,,39.0,4.1,14.8,1024.3,0,0,1,0,0,0,0
503,2022-03-17,0,18,5.4,,126.0,8.0,18.5,1030.5,0,0,1,0,0,0,0
504,2022-03-18,0,18,3.7,,106.0,9.3,25.9,1038.2,0,0,1,0,0,0,0
505,2022-03-19,0,18,2.4,,100.0,7.2,22.2,1039.3,0,0,1,0,0,0,0
506,2022-03-20,0,18,2.5,,116.0,7.5,24.1,1040.3,0,0,1,0,0,0,0
507,2022-03-21,0,18,3.2,,280.0,4.7,18.5,1037.6,0,0,1,0,0,0,0
508,2022-03-22,0,18,6.4,,274.0,7.4,31.5,1034.2,0,0,1,0,0,0,0
509,2022-03-23,0,18,8.4,,223.0,5.5,16.7,1030.9,0,0,1,0,0,0,0
510,2022-03-28,0,25,11.5,,98.0,5.1,16.7,1025.3,0,0,1,0,0,0,0
511,2022-03-29,0,25,13.3,,54.0,4.1,13.0,1014.2,0,0,1,0,0,0,0
512,2022-03-30,0,25,13.3,,181.0,5.6,18.5,1008.3,0,0,1,0,0,0,0
513,2022-03-31,0,25,16.3,,136.0,10.5,29.6,998.2,0,0,1,0,0,0,0
514,2022-04-01,0,25,16.1,,160.0,12.0,43.0,993.9,0,0,1,0,0,0,0
515,2022-04-02,0,25,12.5,,228.0,12.0,58.0,1000.8,0,0,1,0,0,0,0
516,2022-04-03,0,25,4.4,,286.0,7.1,27.8,1013.6,0,0,1,0,0,0,0
517,2022-04-04,0,25,5.6,,189.0,4.5,13.0,1020.2,0,0,1,0,0,0,0
518,2022-04-05,0,25,8.2,,359.0,3.5,13.0,1013.3,0,0,1,0,0,0,0
519,2022-04-06,0,25,13.2,,91.0,6.9,27.8,1010.5,0,0,1,0,0,0,0
520,2022-04-11,0,32,7.5,,285.0,13.5,33.3,1022.0,0,0,1,0,0,0,0
521,2022-04-12,0,32,8.8,,2.0,4.2,14.8,1021.6,0,0,1,0,0,0,0
522,2022-04-13,0,32,11.1,,259.0,6.1,14.8,1020.8,0,0,1,0,0,0,0
523,2022-04-14,0,32,12.0,,236.0,4.3,13.0,1021.5,0,0,1,0,0,0,0
524,2022-04-15,0,32,14.4,,325.0,4.4,14.8,1018.7,0,0,1,0,0,0,0
525,2022-04-16,0,32,12.8,,282.0,7.3,25.9,1018.9,0,0,1,0,0,0,0
526,2022-04-17,0,32,7.2,,307.0,13.2,43.0,1019.1,0,0,1,0,0,0,0
527,2022-04-18,0,32,7.0,,299.0,6.1,20.4,1015.2,0,0,1,0,0,0,0
528,2022-04-19,0,32,8.0,,228.0,6.3,14.8,1013.5,0,0,1,0,0,0,0
529,2022-04-20,0,32,5.6,,233.0,4.6,14.8,1015.0,0,0,1,0,0,0,0
530,2022-05-09,0,39,16.8,,280.0,5.2,14.8,1021.1,0,0,1,0,0,0,0
531,2022-05-10,0,39,15.9,,317.0,5.8,20.4,1020.8,0,0,1,0,0,0,0
532,2022-05-11,0,39,17.0,,319.0,4.8,14.8,1020.6,0,0,1,0,0,0,0
533,2022-05-12,0,39,19.3,,8.0,3.8,14.8,1019.7,0,0,1,0,0,0,0
534,2022-05-13,0,39,21.2,,315.0,4.7,13.0,1017.0,0,0,1,0,0,0,0
535,2022-05-14,0,39,20.9,,269.0,9.2,25.9,1017.3,0,0,1,0,0,0,0
536,2022-05-15,0,39,19.4,,295.0,5.5,18.5,1019.2,0,0,1,0,0,0,0
537,2022-05-16,0,39,19.6,,354.0,4.0,13.0,1018.7,0,0,1,0,0,0,0
538,2022-05-17,0,39,19.2,,328.0,5.5,24.1,1016.5,0,0,1,0,0,0,0
539,2022-05-18,0,39,16.6,,292.0,11.0,47.0,1021.3,0,0,1,0,0,0,0
540,2022-05-23,0,46,19.6,,5.0,4.3,13.0,1011.5,0,0,1,0,0,0,0
541,2022-05-24,0,46,22.0,,89.0,7.4,18.5,1009.1,0,0,1,0,0,0,0
542,2022-05-25,0,46,22.9,,84.0,7.6,40.0,1012.2,0,0,1,0,0,0,0
543,2022-05-26,0,46,21.8,,290.0,6.9,14.8,1020.4,0,0,1,0,0,0,0
544,2022-05-27,0,46,21.9,0.0,104.0,5.0,14.8,1018.0,0,0,1,0,0,0,0
545,2022-05-28,0,46,18.3,6.9,280.0,7.3,18.5,1013.6,0,0,1,0,0,0,0
546,2022-05-29,0,46,14.7,1.6,301.0,4.1,18.5,1010.8,0,0,1,0,0,0,0
547,2022-05-30,0,46,19.1,0.7,109.0,6.4,16.7,1011.1,0,0,1,0,0,0,0
548,2022-05-31,0,46,18.2,0.5,145.0,4.9,18.5,1016.5,0,0,1,0,0,0,0
549,2022-06-01,0,46,21.7,0.0,338.0,5.2,18.5,1015.5,0,0,1,0,0,0,0
550,2022-06-06,0,53,20.6,5.1,69.0,5.5,,1014.4,0,0,1,0,0,0,0
551,2022-06-07,0,53,21.2,0.0,86.0,8.8,,1012.7,0,0,1,0,0,0,0
552,2022-06-08,0,53,20.2,6.0,115.0,9.3,,1009.2,0,0,1,0,0,0,0
553,2022-06-09,0,53,19.6,1.5,119.0,8.4,,1006.3,0,0,1,0,0,0,0
554,2022-06-10,0,53,19.1,24.8,318.0,4.8,,1009.4,0,0,1,0,0,0,0
555,2022-06-11,0,53,19.0,62.6,286.0,9.4,,1014.2,0,0,1,0,0,0,0
556,2022-06-12,0,53,19.5,46.5,274.0,10.4,,1016.0,0,0,1,0,0,0,0
557,2022-06-13,0,53,21.8,0.2,273.0,5.5,,1015.0,0,0,1,0,0,0,0
558,2022-06-14,0,53,20.0,0.8,283.0,9.2,24.1,1019.0,0,0,1,0,0,0,0
559,2022-06-15,0,53,18.9,0.0,313.0,5.5,13.0,1021.0,0,0,1,0,0,0,0
560,2022-06-20,0,60,22.4,0.0,20.0,4.1,14.8,1012.8,0,0,1,0,0,0,0
561,2022-06-21,0,60,23.6,0.2,327.0,5.8,22.2,1011.5,0,0,1,0,0,0,0
562,2022-06-22,0,60,22.9,0.0,53.0,4.6,16.7,1012.7,0,0,1,0,0,0,0
563,2022-06-23,0,60,21.2,23.1,28.0,4.8,20.4,1013.2,0,0,1,0,0,0,0
564,2022-06-24,0,60,23.5,0.0,28.0,3.9,14.8,1013.7,0,0,1,0,0,0,0
565,2022-06-25,0,60,22.3,2.9,337.0,5.6,40.0,1012.9,0,0,1,0,0,0,0
566,2022-06-26,0,60,22.2,0.0,284.0,5.5,16.7,1015.9,0,0,1,0,0,0,0
567,2022-06-27,0,60,24.2,0.0,21.0,4.7,13.0,1017.1,0,0,1,0,0,0,0
568,2022-06-28,0,60,24.4,0.0,33.0,4.7,14.8,1016.8,0,0,1,0,0,0,0
569,2022-06-29,0,60,25.0,0.0,101.0,11.0,40.0,1013.9,0,0,1,0,0,0,0
570,2022-07-18,3,67,21.1,0.0,311.0,5.6,14.8,1023.6,0,0,1,0,0,0,0
571,2022-07-19,2,67,22.4,0.0,78.0,4.6,14.8,1021.6,0,0,1,0,0,0,0
572,2022-07-20,3,67,24.3,0.0,36.0,4.8,14.8,1020.1,0,0,1,0,0,0,0
573,2022-07-21,3,67,26.0,0.0,311.0,5.8,20.4,1016.8,0,0,1,0,0,0,0
574,2022-07-22,1,67,27.4,0.0,335.0,6.0,16.7,1015.9,0,0,1,0,0,0,0
575,2022-07-23,2,67,27.8,0.0,43.0,4.3,16.7,1015.0,0,0,1,0,0,0,0
576,2022-07-24,2,67,28.3,0.5,311.0,7.3,24.1,1015.3,0,0,1,0,0,0,0
577,2022-07-25,12,67,27.0,0.0,264.0,5.6,16.7,1014.4,0,0,1,0,0,0,0
578,2022-07-26,21,67,27.0,0.0,1.0,5.0,43.0,1010.0,0,0,1,0,0,0,0
579,2022-07-27,38,67,24.3,2.9,244.0,7.5,16.7,1012.6,0,0,1,0,0,0,0
580,2022-08-01,105,74,22.6,0.0,283.0,8.4,25.9,1014.3,0,0,1,0,0,0,0
581,2022-08-02,92,74,23.7,0.0,285.0,6.5,20.4,1015.1,0,0,1,0,0,0,0
582,2022-08-03,65,74,24.7,0.0,289.0,5.5,16.7,1016.0,0,0,1,0,0,0,0
583,2022-08-04,62,74,25.4,0.0,314.0,5.7,14.8,1015.8,0,0,1,0,0,0,0
584,2022-08-05,95,74,26.0,0.0,338.0,4.0,14.8,1013.8,0,0,1,0,0,0,0
585,2022-08-06,87,74,26.2,0.0,323.0,5.2,16.7,1012.5,0,0,1,0,0,0,0
586,2022-08-07,101,74,25.3,0.1,295.0,8.9,22.2,1014.9,0,0,1,0,0,0,0
587,2022-08-08,42,74,25.3,0.3,189.0,6.7,43.0,1015.6,0,0,1,0,0,0,0
588,2022-08-09,40,74,24.2,1.5,310.0,8.0,18.5,1018.4,0,0,1,0,0,0,0
589,2022-08-10,36,74,23.0,0.5,263.0,7.3,20.4,1018.5,0,0,1,0,0,0,0
590,2022-08-15,35,81,22.6,0.0,285.0,5.1,14.8,1008.7,0,0,1,0,0,0,0
591,2022-08-16,38,81,24.0,0.0,206.0,5.1,43.0,1010.2,0,0,1,0,0,0,0
592,2022-08-17,50,81,24.8,0.0,281.0,5.7,16.7,1012.4,0,0,1,0,0,0,0
593,2022-08-18,32,81,25.8,0.0,20.0,4.2,14.8,1012.4,0,0,1,0,0,0,0
594,2022-08-19,42,81,24.6,0.0,90.0,6.7,20.4,1010.6,0,0,1,0,0,0,0
595,2022-08-20,35,81,21.7,14.9,301.0,5.0,18.5,1009.7,0,0,1,0,0,0,0
596,2022-08-21,22,81,20.8,4.2,282.0,6.0,16.7,1009.7,0,0,1,0,0,0,0
597,2022-08-22,45,81,20.4,2.4,261.0,4.6,14.8,1009.5,0,0,1,0,0,0,0
598,2022-08-23,51,81,18.8,7.8,269.0,5.2,13.0,1012.9,0,0,1,0,0,0,0
599,2022-08-24,92,81,20.9,0.8,283.0,4.4,13.0,1015.5,0,0,1,0,0,0,0
600,2022-08-29,115,88,22.0,4.9,240.0,5.9,20.4,1016.7,0,0,1,0,0,0,0
601,2022-08-30,162,88,21.0,1.6,284.0,5.5,14.8,1017.4,0,0,1,0,0,0,0
602,2022-08-31,105,88,22.0,7.6,289.0,4.0,16.7,1014.8,0,0,1,0,0,0,0
603,2022-09-01,169,88,19.5,5.4,284.0,5.8,18.5,1013.2,0,0,1,0,0,0,0
604,2022-09-02,47,88,15.6,29.0,273.0,6.4,14.8,1015.9,0,0,1,0,0,0,0
605,2022-09-03,58,88,18.1,0.0,80.0,3.3,11.1,1017.8,0,0,1,0,0,0,0
606,2022-09-04,69,88,18.2,1.0,77.0,4.9,16.7,1019.8,0,0,1,0,0,0,0
607,2022-09-05,140,88,19.8,0.8,131.0,4.5,11.1,1023.1,0,0,1,0,0,0,0
608,2022-09-06,105,88,20.3,0.0,113.0,3.6,13.0,1020.9,0,0,1,0,0,0,0
609,2022-09-07,84,88,20.2,0.0,87.0,5.0,18.5,1017.7,0,0,1,0,0,0,0
610,2022-09-12,76,95,16.6,0.4,258.0,7.7,24.1,1015.9,0,0,1,0,0,0,0
611,2022-09-13,80,95,17.5,0.0,266.0,5.0,20.4,1014.9,0,0,1,0,0,0,0
612,2022-09-14,57,95,18.2,0.0,68.0,5.2,18.5,1013.0,0,0,1,0,0,0,0
613,2022-09-15,20,95,20.1,0.0,37.0,4.1,18.5,1010.5,0,0,1,0,0,0,0
614,2022-09-16,25,95,21.8,1.1,173.0,8.4,20.4,1007.8,0,0,1,0,0,0,0
615,2022-09-17,22,95,14.4,9.4,306.0,6.1,22.2,1005.0,0,0,1,0,0,0,0
616,2022-09-18,30,95,12.4,0.9,296.0,8.9,25.9,1014.3,0,0,1,0,0,0,0
617,2022-09-19,25,95,9.9,2.3,357.0,6.2,25.9,1016.5,0,0,1,0,0,0,0
618,2022-09-20,18,95,10.9,0.0,255.0,5.9,14.8,1019.5,0,0,1,0,0,0,0
619,2022-09-21,10,95,11.1,1.0,282.0,7.3,22.2,1021.0,0,0,1,0,0,0,0
620,2022-09-26,3,102,15.8,32.3,111.0,9.8,24.1,1010.6,0,0,1,0,0,0,0
621,2022-09-27,5,102,16.3,0.6,76.0,4.5,16.7,1003.1,0,0,1,0,0,0,0
622,2022-09-28,2,102,14.7,0.5,103.0,4.3,13.0,1004.3,0,0,1,0,0,0,0
623,2022-09-29,1,102,18.4,0.0,124.0,8.4,22.2,1005.2,0,0,1,0,0,0,0
624,2022-09-30,2,102,20.0,0.0,151.0,9.9,22.2,1012.3,0,0,1,0,0,0,0
625,2022-10-01,2,102,17.1,7.1,90.0,6.7,20.4,1015.7,0,0,1,0,0,0,0
626,2022-10-02,3,102,16.8,0.2,289.0,6.0,24.1,1018.3,0,0,1,0,0,0,0
627,2022-10-03,3,102,12.8,2.3,281.0,7.7,22.2,1019.0,0,0,1,0,0,0,0
628,2022-10-04,5,102,12.8,0.1,265.0,7.8,24.1,1023.6,0,0,1,0,0,0,0
629,2022-10-05,2,102,11.9,0.0,54.0,3.6,13.0,1029.0,0,0,1,0,0,0,0
630,2022-10-10,2,109,13.7,0.0,83.0,8.0,18.5,1023.3,0,0,1,0,0,0,0
631,2022-10-11,2,109,14.0,2.6,19.0,3.0,20.4,1022.0,0,0,1,0,0,0,0
632,2022-10-12,1,109,14.6,0.0,50.0,2.6,11.1,1023.6,0,0,1,0,0,0,0
633,2022-10-13,2,109,13.6,0.0,63.0,3.8,11.1,1022.3,0,0,1,0,0,0,0
634,2022-10-14,2,109,13.3,0.0,100.0,5.3,16.7,1018.4,0,0,1,0,0,0,0
635,2022-10-15,2,109,11.6,0.0,80.0,7.9,24.1,1019.7,0,0,1,0,0,0,0
636,2022-10-16,1,109,13.0,0.0,138.0,5.0,16.7,1024.9,0,0,1,0,0,0,0
637,2022-10-17,1,109,11.2,0.0,112.0,4.9,16.7,1030.6,0,0,1,0,0,0,0
638,2022-10-18,0,109,10.3,0.0,144.0,5.1,14.8,1029.0,0,0,1,0,0,0,0
639,2022-10-19,2,109,11.5,0.0,302.0,5.5,18.5,1022.9,0,0,1,0,0,0,0
640,2022-02-14,0,5,7.0,0.0,151.0,5.5,14.8,1022.8,0,0,0,0,1,0,0
641,2022-02-15,0,5,9.7,0.5,136.0,7.7,18.5,1020.3,0,0,0,0,1,0,0
642,2022-02-16,0,5,8.4,2.3,64.0,5.8,13.0,1017.0,0,0,0,0,1,0,0
643,2022-02-17,0,5,9.1,2.0,180.0,6.9,18.5,1010.8,0,0,0,0,1,0,0
644,2022-02-18,0,5,8.5,0.3,331.0,8.7,40.0,1017.8,0,0,0,0,1,0,0
645,2022-02-19,0,5,9.7,0.0,325.0,7.1,13.0,1017.2,0,0,0,0,1,0,0
646,2022-02-20,0,5,7.2,0.0,328.0,9.2,14.8,1020.1,0,0,0,0,1,0,0
647,2022-02-21,0,5,9.4,0.0,186.0,6.9,18.5,1011.4,0,0,0,0,1,0,0
648,2022-02-22,0,5,5.4,1.5,317.0,20.6,29.6,1011.4,0,0,0,0,1,0,0
649,2022-02-23,0,5,5.9,1.5,316.0,14.9,27.8,1023.0,0,0,0,0,1,0,0
650,2022-02-28,0,12,3.2,0.0,19.0,10.1,16.7,1024.2,0,0,0,0,1,0,0
651,2022-03-01,0,12,2.1,0.0,331.0,11.9,16.7,1025.7,0,0,0,0,1,0,0
652,2022-03-02,0,12,2.5,0.0,305.0,11.4,24.1,1021.9,0,0,0,0,1,0,0
653,2022-03-03,0,12,4.3,0.0,331.0,10.9,18.5,1017.2,0,0,0,0,1,0,0
654,2022-03-04,0,12,2.8,0.0,358.0,7.1,16.7,1016.0,0,0,0,0,1,0,0
655,2022-03-05,0,12,4.2,0.0,2.0,14.5,18.5,1016.9,0,0,0,0,1,0,0
656,2022-03-06,0,12,2.3,1.8,59.0,14.0,25.9,1015.0,0,0,0,0,1,0,0
657,2022-03-07,0,12,1.3,1.5,315.0,13.5,16.7,1017.4,0,0,0,0,1,0,0
658,2022-03-08,0,12,-0.1,0.3,320.0,12.1,25.9,1019.8,0,0,0,0,1,0,0
659,2022-03-09,0,12,0.6,0.0,328.0,12.4,27.8,1020.8,0,0,0,0,1,0,0
660,2022-03-14,0,19,2.5,0.0,69.0,4.4,13.0,1034.4,0,0,0,0,1,0,0
661,2022-03-15,0,19,5.8,0.0,115.0,5.3,11.1,1033.8,0,0,0,0,1,0,0
662,2022-03-16,0,19,8.2,0.0,52.0,6.0,14.8,1024.6,0,0,0,0,1,0,0
663,2022-03-17,0,19,5.4,1.0,46.0,8.5,16.7,1029.8,0,0,0,0,1,0,0
664,2022-03-18,0,19,4.1,0.0,49.0,10.2,20.4,1037.3,0,0,0,0,1,0,0
665,2022-03-19,0,19,1.6,0.0,44.0,9.1,22.2,1039.4,0,0,0,0,1,0,0
666,2022-03-20,0,19,3.4,0.0,61.0,11.1,20.4,1038.4,0,0,0,0,1,0,0
667,2022-03-21,0,19,3.9,0.0,24.0,10.1,25.9,1036.2,0,0,0,0,1,0,0
668,2022-03-22,0,19,7.4,0.0,1.0,15.0,43.0,1032.1,0,0,0,0,1,0,0
669,2022-03-23,0,19,9.1,0.0,36.0,10.0,24.1,1029.3,0,0,0,0,1,0,0
670,2022-03-28,0,26,11.7,0.0,78.0,4.8,11.1,1025.5,0,0,0,0,1,0,0
671,2022-03-29,0,26,13.9,0.0,147.0,5.2,14.8,1014.9,0,0,0,0,1,0,0
672,2022-03-30,0,26,13.8,0.0,154.0,7.7,24.1,1009.4,0,0,0,0,1,0,0
673,2022-03-31,0,26,15.8,0.8,159.0,13.4,47.0,1001.3,0,0,0,0,1,0,0
674,2022-04-01,0,26,14.9,1.5,159.0,11.1,27.8,996.1,0,0,0,0,1,0,0
675,2022-04-02,0,26,11.7,15.2,207.0,12.1,43.0,1001.8,0,0,0,0,1,0,0
676,2022-04-03,0,26,4.3,1.5,315.0,13.2,24.1,1012.8,0,0,0,0,1,0,0
677,2022-04-04,0,26,5.9,0.3,330.0,3.8,13.0,1020.3,0,0,0,0,1,0,0
678,2022-04-05,0,26,9.2,0.0,90.0,5.4,11.1,1013.6,0,0,0,0,1,0,0
679,2022-04-06,0,26,13.1,0.0,134.0,6.9,13.0,1011.7,0,0,0,0,1,0,0
680,2022-04-11,0,33,7.1,2.3,316.0,16.2,43.0,1020.6,0,0,0,0,1,0,0
681,2022-04-12,0,33,8.4,0.0,7.0,6.0,13.0,1021.9,0,0,0,0,1,0,0
682,2022-04-13,0,33,10.8,0.0,347.0,8.6,16.7,1020.3,0,0,0,0,1,0,0
683,2022-04-14,0,33,11.9,0.0,81.0,4.4,11.1,1021.1,0,0,0,0,1,0,0
684,2022-04-15,0,33,14.8,0.0,45.0,5.4,13.0,1018.6,0,0,0,0,1,0,0
685,2022-04-16,0,33,14.1,0.0,323.0,16.0,40.0,1017.3,0,0,0,0,1,0,0
686,2022-04-17,0,33,5.5,0.0,320.0,20.3,32.0,1017.8,0,0,0,0,1,0,0
687,2022-04-18,0,33,6.4,0.0,326.0,13.8,20.4,1014.4,0,0,0,0,1,0,0
688,2022-04-19,0,33,6.9,0.0,356.0,5.2,14.8,1013.7,0,0,0,0,1,0,0
689,2022-04-20,0,33,3.6,0.0,77.0,4.0,13.0,1015.6,0,0,0,0,1,0,0
690,2022-05-09,0,40,17.3,0.0,350.0,5.8,18.5,1020.3,0,0,0,0,1,0,0
691,2022-05-10,0,40,16.9,0.0,14.0,8.5,20.4,1020.0,0,0,0,0,1,0,0
692,2022-05-11,0,40,17.3,0.0,340.0,6.4,16.7,1020.1,0,0,0,0,1,0,0
693,2022-05-12,0,40,19.2,0.0,84.0,5.0,13.0,1019.9,0,0,0,0,1,0,0
694,2022-05-13,0,40,21.3,0.0,53.0,5.2,13.0,1016.7,0,0,0,0,1,0,0
695,2022-05-14,0,40,20.6,0.0,337.0,11.3,25.9,1015.9,0,0,0,0,1,0,0
696,2022-05-15,0,40,18.7,0.0,339.0,8.0,22.2,1018.5,0,0,0,0,1,0,0
697,2022-05-16,0,40,19.4,0.0,35.0,6.1,14.8,1018.9,0,0,0,0,1,0,0
698,2022-05-17,0,40,20.1,0.0,189.0,7.5,47.0,1015.9,0,0,0,0,1,0,0
699,2022-05-18,0,40,16.7,3.6,346.0,16.8,54.0,1019.3,0,0,0,0,1,0,0
700,2022-05-23,0,47,19.4,0.0,318.0,5.2,14.8,1011.0,0,0,0,0,1,0,0
701,2022-05-24,0,47,22.7,0.0,69.0,5.3,13.0,1009.4,0,0,0,0,1,0,0
702,2022-05-25,0,47,23.9,0.0,123.0,5.8,16.7,1012.8,0,0,0,0,1,0,0
703,2022-05-26,0,47,21.8,0.0,311.0,12.3,13.0,1019.6,0,0,0,0,1,0,0
704,2022-05-27,0,47,22.3,0.0,50.0,4.1,14.8,1018.0,0,0,0,0,1,0,0
705,2022-05-28,0,47,19.1,0.3,317.0,14.0,16.7,1012.1,0,0,0,0,1,0,0
706,2022-05-29,0,47,14.2,2.0,323.0,10.7,16.7,1010.6,0,0,0,0,1,0,0
707,2022-05-30,0,47,19.3,2.8,64.0,5.3,43.0,1011.2,0,0,0,0,1,0,0
708,2022-05-31,0,47,18.3,11.9,341.0,7.0,14.8,1016.2,0,0,0,0,1,0,0
709,2022-06-01,0,47,22.2,0.5,356.0,6.4,14.8,1015.6,0,0,0,0,1,0,0
710,2022-06-06,0,54,21.7,1.3,46.0,7.8,,1014.2,0,0,0,0,1,0,0
711,2022-06-07,0,54,23.1,0.3,65.0,6.7,,1012.8,0,0,0,0,1,0,0
712,2022-06-08,0,54,19.9,0.0,81.0,7.7,,1009.7,0,0,0,0,1,0,0
713,2022-06-09,0,54,20.1,10.7,59.0,6.0,,1007.0,0,0,0,0,1,0,0
714,2022-06-10,0,54,19.8,4.8,10.0,8.5,,1008.3,0,0,0,0,1,0,0
715,2022-06-11,0,54,19.1,0.8,324.0,17.0,,1012.1,0,0,0,0,1,0,0
716,2022-06-12,0,54,19.9,4.8,327.0,15.2,,1014.5,0,0,0,0,1,0,0
717,2022-06-13,0,54,21.1,11.2,339.0,5.2,,1014.8,0,0,0,0,1,0,0
718,2022-06-14,0,54,20.0,0.0,330.0,11.6,29.0,1017.6,0,0,0,0,1,0,0
719,2022-06-15,0,54,19.3,0.0,351.0,7.0,18.5,1020.3,0,0,0,0,1,0,0
720,2022-06-20,0,61,22.6,0.0,88.0,5.2,13.0,1013.1,0,0,0,0,1,0,0
721,2022-06-21,0,61,23.7,0.0,4.0,6.4,18.5,1011.0,0,0,0,0,1,0,0
722,2022-06-22,0,61,23.2,0.0,329.0,9.3,18.5,1012.1,0,0,0,0,1,0,0
723,2022-06-23,0,61,22.2,0.0,19.0,9.4,20.4,1012.4,0,0,0,0,1,0,0
724,2022-06-24,0,61,23.5,0.0,343.0,5.3,14.8,1013.8,0,0,0,0,1,0,0
725,2022-06-25,0,61,23.3,0.8,70.0,6.1,43.0,1012.7,0,0,0,0,1,0,0
726,2022-06-26,0,61,22.7,3.6,8.0,6.0,14.8,1015.7,0,0,0,0,1,0,0
727,2022-06-27,0,61,24.6,0.0,64.0,5.2,13.0,1017.2,0,0,0,0,1,0,0
728,2022-06-28,0,61,24.2,0.0,60.0,5.6,13.0,1016.8,0,0,0,0,1,0,0
729,2022-06-29,0,61,25.3,1.0,95.0,8.4,14.8,1015.2,0,0,0,0,1,0,0
730,2022-07-18,0,68,21.0,0.0,33.0,6.9,14.8,1022.7,0,0,0,0,1,0,0
731,2022-07-19,0,68,22.7,0.0,43.0,5.6,14.8,1020.7,0,0,0,0,1,0,0
732,2022-07-20,3,68,24.1,0.0,24.0,4.9,16.7,1019.3,0,0,0,0,1,0,0
733,2022-07-21,0,68,26.2,0.0,358.0,8.8,22.2,1016.2,0,0,0,0,1,0,0
734,2022-07-22,0,68,27.4,0.0,24.0,5.6,14.8,1015.3,0,0,0,0,1,0,0
735,2022-07-23,0,68,28.4,0.0,107.0,5.0,11.1,1015.1,0,0,0,0,1,0,0
736,2022-07-24,8,68,27.5,0.0,305.0,11.8,24.1,1014.4,0,0,0,0,1,0,0
737,2022-07-25,0,68,26.9,0.0,334.0,6.4,18.5,1013.9,0,0,0,0,1,0,0
738,2022-07-26,0,68,28.1,0.0,285.0,7.0,14.8,1009.7,0,0,0,0,1,0,0
739,2022-07-27,0,68,26.4,0.0,318.0,17.1,43.0,1011.0,0,0,0,0,1,0,0
740,2022-08-01,3,75,21.9,0.0,8.0,10.3,24.1,1013.9,0,0,0,0,1,0,0
741,2022-08-02,8,75,23.6,0.0,356.0,9.9,24.1,1014.2,0,0,0,0,1,0,0
742,2022-08-03,3,75,24.5,0.0,5.0,7.9,16.7,1015.1,0,0,0,0,1,0,0
743,2022-08-04,0,75,25.8,0.0,55.0,5.4,16.7,1015.3,0,0,0,0,1,0,0
744,2022-08-05,3,75,26.0,0.0,103.0,4.8,14.8,1014.0,0,0,0,0,1,0,0
745,2022-08-06,8,75,26.6,0.0,2.0,6.4,16.7,1011.8,0,0,0,0,1,0,0
746,2022-08-07,5,75,26.5,0.0,336.0,15.4,24.1,1013.1,0,0,0,0,1,0,0
747,2022-08-08,5,75,27.4,0.0,59.0,7.1,16.7,1014.7,0,0,0,0,1,0,0
748,2022-08-09,18,75,24.2,0.0,338.0,11.4,40.0,1016.6,0,0,0,0,1,0,0
749,2022-08-10,3,75,21.9,23.1,335.0,14.1,20.4,1017.6,0,0,0,0,1,0,0
750,2022-08-15,5,82,23.3,0.3,350.0,4.7,13.0,1008.6,0,0,0,0,1,0,0
751,2022-08-16,3,82,22.9,2.3,117.0,6.4,40.0,1010.8,0,0,0,0,1,0,0
752,2022-08-17,21,82,24.2,6.9,49.0,6.5,14.8,1012.5,0,0,0,0,1,0,0
753,2022-08-18,30,82,25.8,0.0,96.0,5.8,11.1,1012.6,0,0,0,0,1,0,0
754,2022-08-19,130,82,27.1,0.0,90.0,6.4,13.0,1010.6,0,0,0,0,1,0,0
755,2022-08-20,26,82,21.9,0.0,310.0,6.2,13.0,1009.6,0,0,0,0,1,0,0
756,2022-08-21,25,82,20.8,9.9,317.0,10.9,14.8,1008.9,0,0,0,0,1,0,0
757,2022-08-22,4,82,21.8,0.0,323.0,6.3,14.8,1008.7,0,0,0,0,1,0,0
758,2022-08-23,8,82,20.8,37.3,334.0,12.8,16.7,1011.5,0,0,0,0,1,0,0
759,2022-08-24,36,82,21.8,0.0,316.0,14.9,18.5,1014.3,0,0,0,0,1,0,0
760,2022-08-29,8,89,22.8,0.0,349.0,8.3,14.8,1015.8,0,0,0,0,1,0,0
761,2022-08-30,7,89,21.9,0.3,7.0,7.8,16.7,1016.7,0,0,0,0,1,0,0
762,2022-08-31,13,89,22.2,0.0,69.0,7.3,16.7,1014.5,0,0,0,0,1,0,0
763,2022-09-01,33,89,21.4,0.0,60.0,11.1,14.8,1012.1,0,0,0,0,1,0,0
764,2022-09-02,10,89,16.1,2.8,315.0,12.3,16.7,1015.0,0,0,0,0,1,0,0
765,2022-09-03,5,89,17.8,0.5,308.0,5.2,13.0,1017.7,0,0,0,0,1,0,0
766,2022-09-04,26,89,19.1,0.0,12.0,6.1,13.0,1019.6,0,0,0,0,1,0,0
767,2022-09-05,5,89,19.9,0.0,333.0,7.9,13.0,1022.3,0,0,0,0,1,0,0
768,2022-09-06,18,89,19.7,0.0,51.0,4.4,11.1,1020.7,0,0,0,0,1,0,0
769,2022-09-07,6,89,20.7,0.0,59.0,4.5,11.1,1018.3,0,0,0,0,1,0,0
770,2022-09-12,67,96,16.0,0.5,333.0,6.5,20.4,1015.3,0,0,0,0,1,0,0
771,2022-09-13,52,96,16.7,0.0,355.0,6.1,16.7,1014.9,0,0,0,0,1,0,0
772,2022-09-14,13,96,19.5,0.0,111.0,5.1,13.0,1014.1,0,0,0,0,1,0,0
773,2022-09-15,16,96,23.3,0.0,162.0,5.1,13.0,1011.1,0,0,0,0,1,0,0
774,2022-09-16,13,96,21.4,0.0,150.0,7.9,16.7,1008.5,0,0,0,0,1,0,0
775,2022-09-17,5,96,16.3,1.5,324.0,11.1,40.0,1003.9,0,0,0,0,1,0,0
776,2022-09-18,16,96,12.1,21.1,306.0,9.8,40.0,1013.8,0,0,0,0,1,0,0
777,2022-09-19,16,96,11.7,0.0,72.0,10.1,54.0,1016.4,0,0,0,0,1,0,0
778,2022-09-20,5,96,11.5,1.3,298.0,6.0,16.7,1018.9,0,0,0,0,1,0,0
779,2022-09-21,8,96,10.2,0.0,321.0,8.6,22.2,1020.0,0,0,0,0,1,0,0
780,2022-09-26,3,103,15.4,3.3,108.0,4.8,13.0,1012.1,0,0,0,0,1,0,0
781,2022-09-27,3,103,17.5,30.0,63.0,5.7,20.4,1003.5,0,0,0,0,1,0,0
782,2022-09-28,4,103,16.8,0.0,125.0,6.4,16.7,1005.0,0,0,0,0,1,0,0
783,2022-09-29,2,103,15.7,0.3,110.0,5.1,16.7,1007.5,0,0,0,0,1,0,0
784,2022-09-30,2,103,19.3,1.3,126.0,7.3,16.7,1013.3,0,0,0,0,1,0,0
785,2022-10-01,0,103,16.9,0.0,79.0,5.3,14.8,1017.0,0,0,0,0,1,0,0
786,2022-10-02,10,103,16.6,2.8,319.0,9.0,20.4,1018.0,0,0,0,0,1,0,0
787,2022-10-03,5,103,12.3,0.0,357.0,6.5,40.0,1018.2,0,0,0,0,1,0,0
788,2022-10-04,0,103,12.4,0.8,318.0,6.7,18.5,1022.7,0,0,0,0,1,0,0
789,2022-10-05,2,103,11.9,0.0,7.0,4.9,13.0,1028.6,0,0,0,0,1,0,0
790,2022-10-10,10,110,14.0,0.0,18.0,2.9,13.0,1023.5,0,0,0,0,1,0,0
791,2022-10-11,3,110,15.2,0.0,45.0,5.7,11.1,1021.5,0,0,0,0,1,0,0
792,2022-10-12,0,110,15.1,0.0,339.0,4.8,9.3,1023.0,0,0,0,0,1,0,0
793,2022-10-13,3,110,14.6,0.0,357.0,3.5,11.1,1021.9,0,0,0,0,1,0,0
794,2022-10-14,0,110,15.2,0.0,54.0,7.3,13.0,1018.0,0,0,0,0,1,0,0
795,2022-10-15,0,110,11.9,0.0,17.0,4.6,13.0,1019.6,0,0,0,0,1,0,0
796,2022-10-16,11,110,12.1,0.0,347.0,3.4,11.1,1024.8,0,0,0,0,1,0,0
797,2022-10-17,3,110,12.9,0.0,357.0,3.4,11.1,1031.1,0,0,0,0,1,0,0
798,2022-10-18,3,110,10.4,0.0,334.0,3.2,9.3,1029.2,0,0,0,0,1,0,0
799,2022-10-19,0,110,10.9,0.0,308.0,6.0,16.7,1022.4,0,0,0,0,1,0,0
800,2022-02-14,0,6,6.6,0.2,95.0,19.7,,1023.1,0,0,0,0,0,1,0
801,2022-02-15,0,6,8.8,0.1,84.0,16.8,,1019.1,0,0,0,0,0,1,0
802,2022-02-16,0,6,8.2,3.5,99.0,7.8,,1017.1,0,0,0,0,0,1,0
803,2022-02-17,0,6,6.8,0.4,265.0,4.5,,1009.6,0,0,0,0,0,1,0
804,2022-02-18,0,6,8.8,0.1,336.0,10.7,,1016.3,0,0,0,0,0,1,0
805,2022-02-19,0,6,10.1,0.0,342.0,7.5,,1016.3,0,0,0,0,0,1,0
806,2022-02-20,0,6,7.6,2.9,81.0,4.7,,1020.0,0,0,0,0,0,1,0
807,2022-02-21,0,6,8.7,6.3,65.0,7.8,,1011.0,0,0,0,0,0,1,0
808,2022-02-22,0,6,6.9,0.9,311.0,12.3,,1011.4,0,0,0,0,0,1,0
809,2022-02-23,0,6,3.5,0.7,45.0,6.6,,1023.6,0,0,0,0,0,1,0
810,2022-02-28,0,13,3.6,1.6,62.0,8.0,,1025.8,0,0,0,0,0,1,0
811,2022-03-01,0,13,2.7,1.0,1.0,5.1,,1027.2,0,0,0,0,0,1,0
812,2022-03-02,0,13,2.4,0.0,292.0,6.3,,1022.5,0,0,0,0,0,1,0
813,2022-03-03,0,13,3.7,0.1,337.0,7.1,,1017.2,0,0,0,0,0,1,0
814,2022-03-04,0,13,2.3,0.0,351.0,6.8,,1016.0,0,0,0,0,0,1,0
815,2022-03-05,0,13,2.2,0.0,326.0,5.7,,1018.7,0,0,0,0,0,1,0
816,2022-03-06,0,13,3.4,3.6,112.0,12.0,,1018.1,0,0,0,0,0,1,0
817,2022-03-07,0,13,2.0,1.6,304.0,7.2,,1018.3,0,0,0,0,0,1,0
818,2022-03-08,0,13,-0.3,0.1,325.0,8.4,,1019.9,0,0,0,0,0,1,0
819,2022-03-09,0,13,0.2,0.0,10.0,9.6,,1021.1,0,0,0,0,0,1,0
820,2022-03-14,0,20,5.5,0.0,80.0,9.8,,1034.1,0,0,0,0,0,1,0
821,2022-03-15,0,20,5.7,0.0,357.0,5.1,,1033.9,0,0,0,0,0,1,0
822,2022-03-16,0,20,6.7,7.3,341.0,5.3,,1024.2,0,0,0,0,0,1,0
823,2022-03-17,0,20,5.0,1.4,125.0,9.0,,1031.1,0,0,0,0,0,1,0
824,2022-03-18,0,20,4.8,0.0,113.0,14.9,,1039.1,0,0,0,0,0,1,0
825,2022-03-19,0,20,3.2,0.0,86.0,9.6,,1040.2,0,0,0,0,0,1,0
826,2022-03-20,0,20,4.9,0.0,133.0,11.9,,1041.1,0,0,0,0,0,1,0
827,2022-03-21,0,20,4.6,0.0,341.0,6.9,,1037.6,0,0,0,0,0,1,0
828,2022-03-22,0,20,7.3,0.0,335.0,7.7,,1033.5,0,0,0,0,0,1,0
829,2022-03-23,0,20,10.7,0.0,293.0,9.0,,1030.5,0,0,0,0,0,1,0
830,2022-03-28,0,27,11.0,0.0,93.0,7.8,,1026.0,0,0,0,0,0,1,0
831,2022-03-29,0,27,12.7,0.0,358.0,5.3,,1014.1,0,0,0,0,0,1,0
832,2022-03-30,0,27,12.6,0.0,83.0,5.3,,1008.0,0,0,0,0,0,1,0
833,2022-03-31,0,27,14.4,11.0,95.0,15.3,,999.5,0,0,0,0,0,1,0
834,2022-04-01,0,27,14.6,13.5,109.0,9.8,,995.0,0,0,0,0,0,1,0
835,2022-04-02,0,27,10.6,21.4,315.0,7.6,,1000.5,0,0,0,0,0,1,0
836,2022-04-03,0,27,4.2,0.9,293.0,13.2,,1012.3,0,0,0,0,0,1,0
837,2022-04-04,0,27,5.8,0.1,303.0,7.8,,1020.7,0,0,0,0,0,1,0
838,2022-04-05,0,27,8.1,0.0,2.0,6.0,,1013.4,0,0,0,0,0,1,0
839,2022-04-06,0,27,13.1,0.0,42.0,7.2,,1011.1,0,0,0,0,0,1,0
840,2022-04-11,0,34,7.4,0.2,314.0,12.0,,1020.5,0,0,0,0,0,1,0
841,2022-04-12,0,34,8.8,0.0,7.0,8.4,,1022.0,0,0,0,0,0,1,0
842,2022-04-13,0,34,9.9,0.0,331.0,7.4,,1021.1,0,0,0,0,0,1,0
843,2022-04-14,0,34,11.6,0.0,356.0,6.2,,1021.3,0,0,0,0,0,1,0
844,2022-04-15,0,34,14.9,0.0,319.0,6.3,,1018.5,0,0,0,0,0,1,0
845,2022-04-16,0,34,12.0,0.0,356.0,10.4,,1017.9,0,0,0,0,0,1,0
846,2022-04-17,0,34,6.8,0.7,238.0,7.8,,1018.8,0,0,0,0,0,1,0
847,2022-04-18,0,34,7.6,0.1,3.0,8.4,,1015.2,0,0,0,0,0,1,0
848,2022-04-19,0,34,7.4,0.1,66.0,6.8,,1013.5,0,0,0,0,0,1,0
849,2022-04-20,0,34,7.8,6.1,133.0,6.5,,1014.6,0,0,0,0,0,1,0
850,2022-05-09,0,41,17.4,0.0,318.0,7.5,,1021.6,0,0,0,0,0,1,0
851,2022-05-10,0,41,15.8,0.2,57.0,6.2,,1021.0,0,0,0,0,0,1,0
852,2022-05-11,0,41,17.5,0.0,354.0,6.3,,1020.2,0,0,0,0,0,1,0
853,2022-05-12,0,41,19.6,0.0,351.0,5.7,,1019.6,0,0,0,0,0,1,0
854,2022-05-13,0,41,21.1,0.0,0.0,5.4,,1016.8,0,0,0,0,0,1,0
855,2022-05-14,0,41,20.9,0.0,357.0,9.2,,1016.0,0,0,0,0,0,1,0
856,2022-05-15,0,41,19.3,0.0,77.0,5.6,,1018.6,0,0,0,0,0,1,0
857,2022-05-16,0,41,19.7,0.0,8.0,6.3,,1018.6,0,0,0,0,0,1,0
858,2022-05-17,0,41,21.0,0.8,350.0,6.5,,1015.5,0,0,0,0,0,1,0
859,2022-05-18,0,41,18.1,4.9,316.0,17.7,,1019.4,0,0,0,0,0,1,0
860,2022-05-23,0,48,18.2,0.0,357.0,7.4,,1011.1,0,0,0,0,0,1,0
861,2022-05-24,0,48,19.2,6.6,81.0,12.5,,1010.3,0,0,0,0,0,1,0
862,2022-05-25,0,48,23.2,0.0,88.0,15.3,,1012.8,0,0,0,0,0,1,0
863,2022-05-26,0,48,22.1,,345.0,11.8,,1019.7,0,0,0,0,0,1,0
864,2022-05-27,0,48,22.0,,33.0,6.2,,1018.7,0,0,0,0,0,1,0
865,2022-05-28,0,48,18.4,0.6,325.0,10.7,,1012.9,0,0,0,0,0,1,0
866,2022-05-29,0,48,13.8,15.1,322.0,5.7,,1011.2,0,0,0,0,0,1,0
867,2022-05-30,0,48,18.5,0.0,290.0,4.8,,1011.4,0,0,0,0,0,1,0
868,2022-05-31,0,48,19.4,0.0,334.0,5.3,,1016.5,0,0,0,0,0,1,0
869,2022-06-01,0,48,22.6,0.0,38.0,8.1,,1015.6,0,0,0,0,0,1,0
870,2022-06-06,0,55,23.6,3.9,94.0,9.3,,1014.1,0,0,0,0,0,1,0
871,2022-06-07,0,55,24.3,0.0,114.0,11.1,,1013.4,0,0,0,0,0,1,0
872,2022-06-08,0,55,23.7,1.7,125.0,14.3,,1009.3,0,0,0,0,0,1,0
873,2022-06-09,0,55,22.2,7.5,105.0,12.6,,1006.7,0,0,0,0,0,1,0
874,2022-06-10,0,55,21.9,8.6,124.0,6.3,,1009.3,0,0,0,0,0,1,0
875,2022-06-11,0,55,19.9,6.8,74.0,5.4,,1013.3,0,0,0,0,0,1,0
876,2022-06-12,0,55,20.6,0.6,258.0,5.3,,1014.7,0,0,0,0,0,1,0
877,2022-06-13,0,55,22.0,0.0,59.0,7.1,,1014.6,0,0,0,0,0,1,0
878,2022-06-14,0,55,20.9,0.0,341.0,11.3,,1017.5,0,0,0,0,0,1,0
879,2022-06-15,0,55,19.3,0.0,339.0,7.1,,1020.6,0,0,0,0,0,1,0
880,2022-06-20,0,62,24.8,0.0,93.0,6.5,,1012.7,0,0,0,0,0,1,0
881,2022-06-21,0,62,24.3,0.1,334.0,10.2,,1010.4,0,0,0,0,0,1,0
882,2022-06-22,0,62,23.3,0.0,309.0,8.7,,1012.3,0,0,0,0,0,1,0
883,2022-06-23,0,62,20.3,11.5,351.0,7.2,,1013.3,0,0,0,0,0,1,0
884,2022-06-24,0,62,22.6,0.0,44.0,6.8,,1014.2,0,0,0,0,0,1,0
885,2022-06-25,0,62,23.0,9.0,318.0,6.3,,1012.3,0,0,0,0,0,1,0
886,2022-06-26,0,62,21.8,1.2,21.0,9.0,,1015.8,0,0,0,0,0,1,0
887,2022-06-27,0,62,24.4,0.0,325.0,6.8,,1017.2,0,0,0,0,0,1,0
888,2022-06-28,0,62,25.4,0.0,357.0,7.4,,1016.5,0,0,0,0,0,1,0
889,2022-06-29,0,62,26.5,0.0,95.0,10.1,,1014.9,0,0,0,0,0,1,0
890,2022-07-18,1,69,21.6,0.0,352.0,6.5,,1023.5,0,0,0,0,0,1,0
891,2022-07-19,0,69,23.9,0.0,314.0,6.3,,1021.4,0,0,0,0,0,1,0
892,2022-07-20,0,69,25.1,0.0,324.0,6.8,,1019.8,0,0,0,0,0,1,0
893,2022-07-21,1,69,26.6,0.0,350.0,8.4,,1016.1,0,0,0,0,0,1,0
894,2022-07-22,0,69,27.6,0.0,320.0,6.6,,1015.4,0,0,0,0,0,1,0
895,2022-07-23,1,69,28.8,0.0,333.0,6.0,,1014.7,0,0,0,0,0,1,0
896,2022-07-24,2,69,27.4,0.0,315.0,8.9,,1014.6,0,0,0,0,0,1,0
897,2022-07-25,1,69,27.0,0.0,349.0,7.7,,1014.4,0,0,0,0,0,1,0
898,2022-07-26,4,69,27.6,0.0,317.0,8.1,,1009.7,0,0,0,0,0,1,0
899,2022-07-27,4,69,26.7,0.0,312.0,9.8,,1011.7,0,0,0,0,0,1,0
900,2022-08-01,3,76,22.4,0.0,343.0,8.4,,1013.8,0,0,0,0,0,1,0
901,2022-08-02,3,76,23.6,0.0,354.0,9.3,,1014.7,0,0,0,0,0,1,0
902,2022-08-03,3,76,25.0,0.0,345.0,6.6,,1015.6,0,0,0,0,0,1,0
903,2022-08-04,9,76,25.7,0.0,355.0,7.7,,1015.6,0,0,0,0,0,1,0
904,2022-08-05,11,76,25.8,0.0,334.0,5.4,,1014.3,0,0,0,0,0,1,0
905,2022-08-06,14,76,26.8,0.0,321.0,6.2,,1012.0,0,0,0,0,0,1,0
906,2022-08-07,46,76,26.1,0.0,310.0,6.8,,1013.9,0,0,0,0,0,1,0
907,2022-08-08,14,76,28.2,0.2,105.0,7.5,,1015.8,0,0,0,0,0,1,0
908,2022-08-09,19,76,24.7,1.4,331.0,5.7,,1018.2,0,0,0,0,0,1,0
909,2022-08-10,36,76,23.7,0.0,322.0,7.2,,1017.9,0,0,0,0,0,1,0
910,2022-08-15,60,83,23.6,0.2,52.0,7.4,,1007.8,0,0,0,0,0,1,0
911,2022-08-16,75,83,25.7,0.8,350.0,8.0,,1009.2,0,0,0,0,0,1,0
912,2022-08-17,96,83,26.1,0.0,13.0,7.8,,1011.3,0,0,0,0,0,1,0
913,2022-08-18,93,83,27.7,0.0,54.0,6.3,,1011.8,0,0,0,0,0,1,0
914,2022-08-19,191,83,29.1,0.0,42.0,7.2,,1010.0,0,0,0,0,0,1,0
915,2022-08-20,190,83,26.3,7.2,173.0,7.2,,1009.2,0,0,0,0,0,1,0
916,2022-08-21,49,83,20.8,16.4,280.0,4.2,,1009.0,0,0,0,0,0,1,0
917,2022-08-22,56,83,21.0,2.5,265.0,6.6,,1009.2,0,0,0,0,0,1,0
918,2022-08-23,38,83,20.4,2.2,39.0,4.4,,1012.1,0,0,0,0,0,1,0
919,2022-08-24,76,83,22.4,0.4,322.0,5.3,,1015.2,0,0,0,0,0,1,0
920,2022-08-29,212,90,22.3,6.0,51.0,5.0,,1016.2,0,0,0,0,0,1,0
921,2022-08-30,191,90,20.6,0.2,19.0,3.3,,1017.4,0,0,0,0,0,1,0
922,2022-08-31,226,90,22.7,0.2,25.0,5.1,,1014.8,0,0,0,0,0,1,0
923,2022-09-01,101,90,20.9,4.1,66.0,8.1,,1013.0,0,0,0,0,0,1,0
924,2022-09-02,27,90,16.0,21.3,285.0,5.7,,1015.5,0,0,0,0,0,1,0
925,2022-09-03,253,90,17.6,0.7,257.0,5.6,,1018.0,0,0,0,0,0,1,0
926,2022-09-04,253,90,18.9,0.0,77.0,8.7,,1020.5,0,0,0,0,0,1,0
927,2022-09-05,261,90,20.6,0.0,144.0,6.2,,1023.4,0,0,0,0,0,1,0
928,2022-09-06,237,90,21.4,0.0,72.0,6.0,,1021.0,0,0,0,0,0,1,0
929,2022-09-07,370,90,23.1,0.0,86.0,11.4,,1018.0,0,0,0,0,0,1,0
930,2022-09-12,184,97,16.2,0.7,4.0,6.8,,1014.8,0,0,0,0,0,1,0
931,2022-09-13,114,97,16.3,0.0,15.0,8.9,,1014.5,0,0,0,0,0,1,0
932,2022-09-14,110,97,19.8,0.0,83.0,6.7,,1012.5,0,0,0,0,0,1,0
933,2022-09-15,112,97,22.7,0.0,26.0,6.0,,1009.2,0,0,0,0,0,1,0
934,2022-09-16,133,97,19.9,13.0,25.0,6.0,,1008.0,0,0,0,0,0,1,0
935,2022-09-17,14,97,15.3,15.3,323.0,7.1,,1004.4,0,0,0,0,0,1,0
936,2022-09-18,72,97,12.9,7.1,302.0,15.5,,1012.2,0,0,0,0,0,1,0
937,2022-09-19,21,97,11.7,0.0,316.0,8.0,,1015.3,0,0,0,0,0,1,0
938,2022-09-20,15,97,11.6,1.7,336.0,5.1,,1018.5,0,0,0,0,0,1,0
939,2022-09-21,13,97,10.3,5.8,318.0,6.0,,1020.2,0,0,0,0,0,1,0
940,2022-09-26,20,104,17.8,5.6,95.0,8.3,,1010.3,0,0,0,0,0,1,0
941,2022-09-27,3,104,16.8,2.3,80.0,7.7,,1003.1,0,0,0,0,0,1,0
942,2022-09-28,7,104,15.6,0.2,34.0,5.1,,1004.5,0,0,0,0,0,1,0
943,2022-09-29,5,104,19.0,0.0,106.0,8.9,,1005.0,0,0,0,0,0,1,0
944,2022-09-30,5,104,20.9,0.1,95.0,10.7,,1011.7,0,0,0,0,0,1,0
945,2022-10-01,10,104,19.6,1.4,81.0,7.1,,1015.7,0,0,0,0,0,1,0
946,2022-10-02,11,104,16.5,0.9,316.0,11.6,,1017.4,0,0,0,0,0,1,0
947,2022-10-03,10,104,13.8,5.4,324.0,11.1,,1017.4,0,0,0,0,0,1,0
948,2022-10-04,3,104,12.1,1.5,335.0,5.9,,1022.4,0,0,0,0,0,1,0
949,2022-10-05,3,104,12.5,0.0,38.0,5.3,,1028.9,0,0,0,0,0,1,0
950,2022-10-10,7,111,14.3,0.0,100.0,9.5,,1023.8,0,0,0,0,0,1,0
951,2022-10-11,3,111,16.3,0.0,98.0,10.4,,1022.1,0,0,0,0,0,1,0
952,2022-10-12,2,111,15.1,1.7,72.0,3.6,,1023.8,0,0,0,0,0,1,0
953,2022-10-13,5,111,15.7,0.0,65.0,6.9,,1022.7,0,0,0,0,0,1,0
954,2022-10-14,4,111,15.4,0.0,155.0,9.9,,1019.5,0,0,0,0,0,1,0
955,2022-10-15,8,111,15.4,0.0,141.0,10.8,,1020.5,0,0,0,0,0,1,0
956,2022-10-16,2,111,15.9,0.0,105.0,11.7,,1024.9,0,0,0,0,0,1,0
957,2022-10-17,4,111,15.4,0.0,104.0,12.0,,1031.6,0,0,0,0,0,1,0
958,2022-10-18,1,111,15.4,0.0,117.0,12.5,,1029.3,0,0,0,0,0,1,0
959,2022-10-19,3,111,11.2,0.0,332.0,4.5,,1022.4,0,0,0,0,0,1,0
960,2022-02-14,0,7,4.4,,155.0,14.3,43.0,1020.7,0,0,0,0,0,0,1
961,2022-02-15,0,7,8.6,,160.0,16.0,36.0,1016.1,0,0,0,0,0,0,1
962,2022-02-16,0,7,7.3,,218.0,11.2,28.0,1015.2,0,0,0,0,0,0,1
963,2022-02-17,0,7,8.9,,231.0,21.5,68.0,1006.8,0,0,0,0,0,0,1
964,2022-02-18,0,7,8.8,,252.0,19.6,51.0,1014.7,0,0,0,0,0,0,1
965,2022-02-19,0,7,7.6,,263.0,14.2,48.0,1016.4,0,0,0,0,0,0,1
966,2022-02-20,0,7,6.9,,225.0,12.6,50.0,1019.6,0,0,0,0,0,0,1
967,2022-02-21,0,7,5.7,,215.0,14.5,50.0,1009.1,0,0,0,0,0,0,1
968,2022-02-22,0,7,5.5,,305.0,18.2,47.0,1013.1,0,0,0,0,0,0,1
969,2022-02-23,0,7,5.3,,291.0,17.8,58.0,1023.2,0,0,0,0,0,0,1
970,2022-02-28,0,14,1.9,,19.0,18.1,41.0,1026.9,0,0,0,0,0,0,1
971,2022-03-01,0,14,2.8,,24.0,17.5,40.0,1028.4,0,0,0,0,0,0,1
972,2022-03-02,0,14,2.2,,336.0,13.4,35.0,1022.6,0,0,0,0,0,0,1
973,2022-03-03,0,14,2.8,,347.0,5.5,18.0,1017.0,0,0,0,0,0,0,1
974,2022-03-04,0,14,3.3,,20.0,12.5,34.0,1016.7,0,0,0,0,0,0,1
975,2022-03-05,0,14,1.9,,10.0,15.1,43.0,1019.6,0,0,0,0,0,0,1
976,2022-03-06,0,14,2.7,,36.0,14.5,31.0,1018.8,0,0,0,0,0,0,1
977,2022-03-07,0,14,1.4,,348.0,13.8,34.0,1019.3,0,0,0,0,0,0,1
978,2022-03-08,0,14,1.8,,357.0,15.6,47.0,1021.0,0,0,0,0,0,0,1
979,2022-03-09,0,14,2.3,,0.0,11.6,36.0,1022.2,0,0,0,0,0,0,1
980,2022-03-14,0,21,3.9,,151.0,12.1,40.0,1033.5,0,0,0,0,0,0,1
981,2022-03-15,1,21,7.0,,158.0,10.9,30.0,1032.5,0,0,0,0,0,0,1
982,2022-03-16,0,21,7.9,,282.0,18.2,58.0,1022.8,0,0,0,0,0,0,1
983,2022-03-17,0,21,5.2,,101.0,8.8,23.0,1030.7,0,0,0,0,0,0,1
984,2022-03-18,0,21,4.0,,141.0,7.6,35.0,1039.4,0,0,0,0,0,0,1
985,2022-03-19,1,21,3.7,,125.0,8.0,29.0,1039.3,0,0,0,0,0,0,1
986,2022-03-20,1,21,2.9,,88.0,13.3,39.0,1042.0,0,0,0,0,0,0,1
987,2022-03-21,0,21,4.0,,22.0,9.1,40.0,1038.4,0,0,0,0,0,0,1
988,2022-03-22,0,21,8.4,,353.0,13.7,39.0,1034.7,0,0,0,0,0,0,1
989,2022-03-23,0,21,9.9,,26.0,6.6,37.0,1030.5,0,0,0,0,0,0,1
990,2022-03-28,0,28,10.3,,178.0,7.0,25.0,1024.9,0,0,0,0,0,0,1
991,2022-03-29,0,28,12.8,,213.0,12.7,44.0,1011.6,0,0,0,0,0,0,1
992,2022-03-30,0,28,12.4,,223.0,14.8,47.0,1005.6,0,0,0,0,0,0,1
993,2022-03-31,0,28,12.5,,143.0,16.9,61.0,996.3,0,0,0,0,0,0,1
994,2022-04-01,0,28,12.2,,225.0,18.3,54.0,993.2,0,0,0,0,0,0,1
995,2022-04-02,0,28,4.1,,285.0,13.7,36.0,1001.4,0,0,0,0,0,0,1
996,2022-04-03,0,28,3.0,,311.0,13.0,36.0,1012.3,0,0,0,0,0,0,1
997,2022-04-04,0,28,3.4,,259.0,12.3,32.0,1019.8,0,0,0,0,0,0,1
998,2022-04-05,0,28,8.0,,226.0,13.5,58.0,1011.2,0,0,0,0,0,0,1
999,2022-04-06,0,28,13.6,,132.0,10.6,36.0,1009.8,0,0,0,0,0,0,1
1000,2022-04-11,0,35,6.3,0.0,306.0,15.2,47.0,1021.4,0,0,0,0,0,0,1
1001,2022-04-12,0,35,8.8,0.0,132.0,7.3,31.0,1021.4,0,0,0,0,0,0,1
1002,2022-04-13,0,35,9.7,,30.0,9.2,32.0,1022.2,0,0,0,0,0,0,1
1003,2022-04-14,0,35,11.4,0.0,87.0,7.4,36.0,1021.4,0,0,0,0,0,0,1
1004,2022-04-15,0,35,13.3,0.0,222.0,9.6,50.0,1018.7,0,0,0,0,0,0,1
1005,2022-04-16,0,35,10.7,0.0,343.0,21.6,58.0,1019.8,0,0,0,0,0,0,1
1006,2022-04-17,0,35,8.2,0.0,22.0,32.7,66.0,1021.8,0,0,0,0,0,0,1
1007,2022-04-18,0,35,5.7,0.0,0.0,15.5,50.0,1016.6,0,0,0,0,0,0,1
1008,2022-04-19,0,35,5.1,0.0,221.0,11.3,46.0,1013.1,0,0,0,0,0,0,1
1009,2022-04-20,0,35,7.1,0.8,304.0,7.4,29.0,1014.1,0,0,0,0,0,0,1
1010,2022-05-09,0,42,18.1,0.0,16.0,10.2,30.0,1022.0,0,0,0,0,0,0,1
1011,2022-05-10,0,42,17.4,0.0,348.0,9.3,26.0,1020.9,0,0,0,0,0,0,1
1012,2022-05-11,0,42,19.3,0.0,222.0,7.2,34.0,1019.1,0,0,0,0,0,0,1
1013,2022-05-12,0,42,22.2,0.0,198.0,11.4,53.7,1017.8,0,0,0,0,0,0,1
1014,2022-05-13,0,42,22.4,,344.0,11.7,40.0,1016.5,0,0,0,0,0,0,1
1015,2022-05-14,0,42,20.4,0.0,327.0,14.0,40.0,1017.3,0,0,0,0,0,0,1
1016,2022-05-15,0,42,19.2,,318.0,12.0,41.0,1018.4,0,0,0,0,0,0,1
1017,2022-05-16,0,42,21.2,0.0,2.0,5.0,25.0,1017.9,0,0,0,0,0,0,1
1018,2022-05-17,0,42,20.2,0.0,275.0,12.2,46.0,1015.3,0,0,0,0,0,0,1
1019,2022-05-18,0,42,16.6,,19.0,21.0,58.0,1023.5,0,0,0,0,0,0,1
1020,2022-05-23,0,49,18.2,,37.0,10.2,37.0,1011.6,0,0,0,0,0,0,1
1021,2022-05-24,0,49,17.4,4.6,102.0,12.3,42.0,1009.9,0,0,0,0,0,0,1
1022,2022-05-25,0,49,21.9,7.6,77.0,11.9,61.0,1012.2,0,0,0,0,0,0,1
1023,2022-05-26,0,49,20.2,0.0,306.0,11.0,36.0,1020.6,0,0,0,0,0,0,1
1024,2022-05-27,0,49,21.3,0.0,219.0,6.9,32.0,1017.9,0,0,0,0,0,0,1
1025,2022-05-28,0,49,15.1,3.0,302.0,11.6,51.0,1014.9,0,0,0,0,0,0,1
1026,2022-05-29,0,49,13.7,0.8,3.0,15.3,36.0,1012.0,0,0,0,0,0,0,1
1027,2022-05-30,0,49,13.8,0.0,312.0,5.6,22.2,1012.8,0,0,0,0,0,0,1
1028,2022-05-31,0,49,16.7,0.0,203.0,5.9,27.8,1017.1,0,0,0,0,0,0,1
1029,2022-06-01,0,49,20.4,0.0,356.0,6.0,29.0,1015.5,0,0,0,0,0,0,1
1030,2022-06-06,0,56,22.1,0.0,14.0,14.1,,1015.0,0,0,0,0,0,0,1
1031,2022-06-07,0,56,23.6,0.0,152.0,6.9,,1012.3,0,0,0,0,0,0,1
1032,2022-06-08,0,56,22.5,0.0,181.0,15.0,,1008.6,0,0,0,0,0,0,1
1033,2022-06-09,0,56,21.9,0.0,126.0,10.8,,1006.6,0,0,0,0,0,0,1
1034,2022-06-10,0,56,21.6,3.0,350.0,15.8,,1011.1,0,0,0,0,0,0,1
1035,2022-06-11,0,56,22.5,0.5,1.0,20.4,51.0,1015.5,0,0,0,0,0,0,1
1036,2022-06-12,0,56,23.3,0.0,355.0,18.2,43.0,1016.6,0,0,0,0,0,0,1
1037,2022-06-13,0,56,24.0,0.0,325.0,9.6,,1014.7,0,0,0,0,0,0,1
1038,2022-06-14,1,56,19.6,0.0,326.0,14.9,40.0,1019.2,0,0,0,0,0,0,1
1039,2022-06-15,0,56,20.0,0.0,311.0,7.7,32.0,1020.1,0,0,0,0,0,0,1
1040,2022-06-20,0,63,26.3,0.0,179.0,11.8,45.0,1011.1,0,0,0,0,0,0,1
1041,2022-06-21,0,63,23.9,0.0,307.0,17.3,50.0,1010.7,0,0,0,0,0,0,1
1042,2022-06-22,0,63,22.9,0.0,314.0,9.8,41.0,1012.7,0,0,0,0,0,0,1
1043,2022-06-23,0,63,21.8,9.9,339.0,7.2,24.1,1013.2,0,0,0,0,0,0,1
1044,2022-06-24,0,63,23.6,0.0,75.0,6.0,30.0,1013.6,0,0,0,0,0,0,1
1045,2022-06-25,0,63,22.6,0.0,151.0,8.6,70.0,1012.0,0,0,0,0,0,0,1
1046,2022-06-26,0,63,23.9,1.3,294.0,6.5,30.0,1015.0,0,0,0,0,0,0,1
1047,2022-06-27,0,63,26.2,0.0,175.0,7.5,25.0,1016.6,0,0,0,0,0,0,1
1048,2022-06-28,0,63,27.6,0.0,6.0,7.4,29.0,1016.4,0,0,0,0,0,0,1
1049,2022-06-29,1,63,28.3,0.0,133.0,15.2,48.0,1013.4,0,0,0,0,0,0,1
1050,2022-07-18,1,70,22.4,0.0,237.0,4.8,25.0,1023.9,0,0,0,0,0,0,1
1051,2022-07-19,1,70,24.5,0.0,85.0,6.6,29.0,1021.4,0,0,0,0,0,0,1
1052,2022-07-20,1,70,26.9,0.0,34.0,5.0,36.0,1019.5,0,0,0,0,0,0,1
1053,2022-07-21,1,70,28.1,0.0,0.0,8.1,37.0,1016.4,0,0,0,0,0,0,1
1054,2022-07-22,1,70,28.3,0.0,14.0,6.6,35.0,1015.7,0,0,0,0,0,0,1
1055,2022-07-23,2,70,30.3,0.0,212.0,8.1,44.0,1013.8,0,0,0,0,0,0,1
1056,2022-07-24,1,70,26.5,2.0,320.0,14.7,50.0,1015.5,0,0,0,0,0,0,1
1057,2022-07-25,1,70,26.4,0.0,39.0,9.3,38.0,1014.6,0,0,0,0,0,0,1
1058,2022-07-26,1,70,25.9,0.0,305.0,10.7,55.0,1010.3,0,0,0,0,0,0,1
1059,2022-07-27,0,70,24.9,0.0,14.0,12.9,43.0,1013.0,0,0,0,0,0,0,1
1060,2022-08-01,1,77,22.6,0.0,331.0,10.3,37.0,1013.7,0,0,0,0,0,0,1
1061,2022-08-02,3,77,24.1,0.0,12.0,7.3,30.0,1015.5,0,0,0,0,0,0,1
1062,2022-08-03,0,77,26.6,0.0,4.0,8.1,39.0,1016.1,0,0,0,0,0,0,1
1063,2022-08-04,9,77,27.4,0.0,42.0,8.3,32.0,1016.1,0,0,0,0,0,0,1
1064,2022-08-05,9,77,27.7,0.0,41.0,6.9,32.0,1014.2,0,0,0,0,0,0,1
1065,2022-08-06,10,77,29.1,0.0,354.0,10.3,47.0,1012.6,0,0,0,0,0,0,1
1066,2022-08-07,9,77,25.6,0.0,17.0,22.4,43.0,1016.0,0,0,0,0,0,0,1
1067,2022-08-08,7,77,26.1,0.0,21.0,16.1,39.0,1017.5,0,0,0,0,0,0,1
1068,2022-08-09,1,77,23.2,22.6,345.0,13.2,33.0,1019.7,0,0,0,0,0,0,1
1069,2022-08-10,14,77,23.6,0.0,10.0,18.3,47.0,1019.9,0,0,0,0,0,0,1
1070,2022-08-15,41,84,25.0,0.3,249.0,7.1,41.0,1006.7,0,0,0,0,0,0,1
1071,2022-08-16,53,84,25.1,0.0,254.0,10.0,41.0,1007.9,0,0,0,0,0,0,1
1072,2022-08-17,59,84,27.4,0.0,276.0,8.0,41.0,1010.2,0,0,0,0,0,0,1
1073,2022-08-18,88,84,28.2,0.0,223.0,6.3,29.0,1010.7,0,0,0,0,0,0,1
1074,2022-08-19,127,84,30.0,0.0,81.0,12.2,58.0,1009.7,0,0,0,0,0,0,1
1075,2022-08-20,24,84,22.9,7.6,342.0,12.0,44.0,1010.3,0,0,0,0,0,0,1
1076,2022-08-21,16,84,20.0,12.7,335.0,9.8,24.1,1009.4,0,0,0,0,0,0,1
1077,2022-08-22,87,84,19.6,9.9,200.0,7.4,29.6,1009.1,0,0,0,0,0,0,1
1078,2022-08-23,52,84,20.7,0.3,296.0,7.4,21.0,1013.0,0,0,0,0,0,0,1
1079,2022-08-24,47,84,21.6,2.3,353.0,5.9,21.0,1015.4,0,0,0,0,0,0,1
1080,2022-08-29,146,91,23.4,0.0,303.0,9.0,46.0,1015.7,0,0,0,0,0,0,1
1081,2022-08-30,243,91,23.0,4.6,334.0,8.5,36.0,1016.8,0,0,0,0,0,0,1
1082,2022-08-31,264,91,23.9,0.0,31.0,11.1,36.0,1014.9,0,0,0,0,0,0,1
1083,2022-09-01,258,91,17.9,35.6,8.0,15.5,44.0,1014.7,0,0,0,0,0,0,1
1084,2022-09-02,66,91,15.6,6.6,350.0,13.8,30.0,1016.1,0,0,0,0,0,0,1
1085,2022-09-03,94,91,18.1,0.0,22.0,6.2,24.1,1017.9,0,0,0,0,0,0,1
1086,2022-09-04,181,91,19.4,0.0,81.0,6.3,32.0,1020.5,0,0,0,0,0,0,1
1087,2022-09-05,210,91,20.9,0.0,55.0,5.1,18.5,1023.1,0,0,0,0,0,0,1
1088,2022-09-06,318,91,21.3,0.0,157.0,5.7,24.0,1020.3,0,0,0,0,0,0,1
1089,2022-09-07,292,91,22.7,0.0,162.0,9.5,25.0,1016.8,0,0,0,0,0,0,1
1090,2022-09-12,122,98,16.7,0.0,308.0,14.1,41.0,1014.6,0,0,0,0,0,0,1
1091,2022-09-13,149,98,16.4,0.0,304.0,8.0,25.9,1014.4,0,0,0,0,0,0,1
1092,2022-09-14,222,98,21.1,0.0,197.0,14.4,41.0,1010.0,0,0,0,0,0,0,1
1093,2022-09-15,167,98,21.9,0.5,234.0,15.0,50.0,1006.7,0,0,0,0,0,0,1
1094,2022-09-16,32,98,17.0,3.8,296.0,11.1,29.0,1008.4,0,0,0,0,0,0,1
1095,2022-09-17,10,98,13.1,9.3,318.0,14.5,44.0,1006.4,0,0,0,0,0,0,1
1096,2022-09-18,30,98,12.4,3.0,286.0,18.9,61.0,1011.8,0,0,0,0,0,0,1
1097,2022-09-19,9,98,10.6,1.0,223.0,9.3,35.0,1015.0,0,0,0,0,0,0,1
1098,2022-09-20,1,98,12.2,3.8,289.0,14.5,43.0,1017.7,0,0,0,0,0,0,1
1099,2022-09-21,5,98,11.6,0.0,316.0,10.1,32.0,1020.7,0,0,0,0,0,0,1
1100,2022-09-26,6,105,15.7,1.8,206.0,8.3,29.0,1008.4,0,0,0,0,0,0,1
1101,2022-09-27,27,105,14.7,11.7,244.0,8.4,40.0,1002.3,0,0,0,0,0,0,1
1102,2022-09-28,13,105,14.6,0.0,197.0,8.7,30.0,1004.3,0,0,0,0,0,0,1
1103,2022-09-29,7,105,16.1,3.8,154.0,9.8,65.0,1003.6,0,0,0,0,0,0,1
1104,2022-09-30,9,105,17.6,8.6,167.0,12.8,44.0,1011.1,0,0,0,0,0,0,1
1105,2022-10-01,6,105,16.8,2.5,170.0,8.8,59.0,1013.9,0,0,0,0,0,0,1
1106,2022-10-02,4,105,15.0,6.4,286.0,13.2,50.0,1017.6,0,0,0,0,0,0,1
1107,2022-10-03,18,105,13.5,1.5,297.0,21.9,65.0,1017.7,0,0,0,0,0,0,1
1108,2022-10-04,2,105,12.1,0.0,298.0,15.2,41.0,1021.9,0,0,0,0,0,0,1
1109,2022-10-05,6,105,11.4,0.0,159.0,7.0,23.0,1028.7,0,0,0,0,0,0,1
1110,2022-10-10,6,112,13.2,0.0,80.0,10.9,27.0,1024.1,0,0,0,0,0,0,1
1111,2022-10-11,2,112,15.5,0.0,90.0,6.8,25.9,1022.4,0,0,0,0,0,0,1
1112,2022-10-12,6,112,14.9,0.0,25.0,7.8,22.0,1024.2,0,0,0,0,0,0,1
1113,2022-10-13,5,112,13.3,0.0,26.0,6.8,25.0,1023.1,0,0,0,0,0,0,1
1114,2022-10-14,3,112,13.8,0.0,104.0,5.1,29.6,1019.8,0,0,0,0,0,0,1
1115,2022-10-15,4,112,13.5,0.0,150.0,13.3,47.0,1019.6,0,0,0,0,0,0,1
1116,2022-10-16,3,112,14.4,0.0,138.0,11.7,37.0,1024.9,0,0,0,0,0,0,1
1117,2022-10-17,2,112,13.5,0.0,127.0,7.5,31.5,1031.6,0,0,0,0,0,0,1
1118,2022-10-18,7,112,12.2,0.0,145.0,7.6,35.0,1028.6,0,0,0,0,0,0,1
1119,2022-10-19,2,112,12.0,0.0,290.0,10.7,40.0,1022.3,0,0,0,0,0,0,1
