Unnamed: 0,AMBROSIA,batch_id,tavg,wspd,pres,BG,VS,KS,KG,NIS,PO,SU,year,month,day
0,0,1,7.9,10.4,1020.7,1,0,0,0,0,0,0,2022,2,14
1,0,1,11.3,9.2,1016.6,1,0,0,0,0,0,0,2022,2,15
2,0,1,9.0,4.9,1015.8,1,0,0,0,0,0,0,2022,2,16
3,0,1,10.3,6.3,1008.3,1,0,0,0,0,0,0,2022,2,17
4,0,1,10.6,8.4,1016.3,1,0,0,0,0,0,0,2022,2,18
5,0,1,10.7,9.3,1016.1,1,0,0,0,0,0,0,2022,2,19
6,0,1,7.2,6.0,1019.6,1,0,0,0,0,0,0,2022,2,20
7,0,1,9.6,8.2,1009.3,1,0,0,0,0,0,0,2022,2,21
8,0,1,6.7,7.4,1013.3,1,0,0,0,0,0,0,2022,2,22
9,0,1,5.2,7.3,1024.1,1,0,0,0,0,0,0,2022,2,23
10,0,8,2.6,6.1,1025.6,1,0,0,0,0,0,0,2022,2,28
11,0,8,2.4,6.2,1027.1,1,0,0,0,0,0,0,2022,3,1
12,0,8,3.3,6.9,1022.4,1,0,0,0,0,0,0,2022,3,2
13,0,8,4.4,9.1,1017.1,1,0,0,0,0,0,0,2022,3,3
14,0,8,3.6,7.3,1016.2,1,0,0,0,0,0,0,2022,3,4
15,0,8,2.7,6.9,1018.7,1,0,0,0,0,0,0,2022,3,5
16,0,8,2.0,10.5,1017.8,1,0,0,0,0,0,0,2022,3,6
17,0,8,1.3,5.8,1018.6,1,0,0,0,0,0,0,2022,3,7
18,0,8,1.7,6.3,1020.4,1,0,0,0,0,0,0,2022,3,8
19,0,8,1.8,6.3,1021.9,1,0,0,0,0,0,0,2022,3,9
20,0,15,6.9,10.1,1032.9,1,0,0,0,0,0,0,2022,3,14
21,0,15,9.5,5.3,1032.2,1,0,0,0,0,0,0,2022,3,15
22,0,15,10.9,5.5,1023.1,1,0,0,0,0,0,0,2022,3,16
23,0,15,6.0,9.5,1030.3,1,0,0,0,0,0,0,2022,3,17
24,0,15,4.9,9.9,1038.3,1,0,0,0,0,0,0,2022,3,18
25,0,15,5.4,8.1,1038.9,1,0,0,0,0,0,0,2022,3,19
26,0,15,5.0,11.6,1040.5,1,0,0,0,0,0,0,2022,3,20
27,0,15,6.1,4.8,1037.4,1,0,0,0,0,0,0,2022,3,21
28,0,15,8.9,5.2,1033.5,1,0,0,0,0,0,0,2022,3,22
29,0,15,11.7,5.7,1029.9,1,0,0,0,0,0,0,2022,3,23
30,0,22,13.4,5.4,1024.7,1,0,0,0,0,0,0,2022,3,28
31,0,22,14.8,5.4,1012.7,1,0,0,0,0,0,0,2022,3,29
32,0,22,15.7,8.2,1006.7,1,0,0,0,0,0,0,2022,3,30
33,0,22,14.3,12.2,997.2,1,0,0,0,0,0,0,2022,3,31
34,0,22,14.3,10.5,993.9,1,0,0,0,0,0,0,2022,4,1
35,0,22,7.4,9.4,1001.3,1,0,0,0,0,0,0,2022,4,2
36,0,22,3.4,11.7,1013.4,1,0,0,0,0,0,0,2022,4,3
37,0,22,5.8,6.3,1020.1,1,0,0,0,0,0,0,2022,4,4
38,0,22,10.7,6.6,1012.3,1,0,0,0,0,0,0,2022,4,5
39,0,22,16.2,8.6,1009.4,1,0,0,0,0,0,0,2022,4,6
40,0,29,7.1,7.8,1021.7,1,0,0,0,0,0,0,2022,4,11
41,0,29,11.8,5.4,1020.9,1,0,0,0,0,0,0,2022,4,12
42,0,29,12.2,5.4,1021.1,1,0,0,0,0,0,0,2022,4,13
43,0,29,13.5,5.1,1021.1,1,0,0,0,0,0,0,2022,4,14
44,0,29,17.2,4.6,1018.1,1,0,0,0,0,0,0,2022,4,15
45,0,29,12.6,8.1,1019.0,1,0,0,0,0,0,0,2022,4,16
46,0,29,8.5,8.5,1019.3,1,0,0,0,0,0,0,2022,4,17
47,0,29,7.5,7.2,1015.3,1,0,0,0,0,0,0,2022,4,18
48,0,29,8.7,5.5,1013.0,1,0,0,0,0,0,0,2022,4,19
49,0,29,7.6,4.7,1014.4,1,0,0,0,0,0,0,2022,4,20
50,0,36,19.7,5.8,1021.1,1,0,0,0,0,0,0,2022,5,9
51,0,36,17.6,5.6,1020.6,1,0,0,0,0,0,0,2022,5,10
52,0,36,19.4,4.8,1019.8,1,0,0,0,0,0,0,2022,5,11
53,0,36,22.8,4.8,1018.6,1,0,0,0,0,0,0,2022,5,12
54,0,36,24.1,5.5,1016.2,1,0,0,0,0,0,0,2022,5,13
55,0,36,22.7,7.0,1016.9,1,0,0,0,0,0,0,2022,5,14
56,0,36,21.0,5.4,1018.6,1,0,0,0,0,0,0,2022,5,15
57,0,36,22.8,4.9,1018.0,1,0,0,0,0,0,0,2022,5,16
58,0,36,21.9,6.3,1015.2,1,0,0,0,0,0,0,2022,5,17
59,0,36,17.6,11.4,1021.7,1,0,0,0,0,0,0,2022,5,18
60,0,43,20.9,5.3,1010.9,1,0,0,0,0,0,0,2022,5,23
61,0,43,23.4,9.6,1008.3,1,0,0,0,0,0,0,2022,5,24
62,0,43,25.7,8.9,1011.3,1,0,0,0,0,0,0,2022,5,25
63,0,43,23.2,6.9,1020.7,1,0,0,0,0,0,0,2022,5,26
64,1,43,24.4,5.6,1017.5,1,0,0,0,0,0,0,2022,5,27
65,0,43,17.4,7.1,1014.0,1,0,0,0,0,0,0,2022,5,28
66,0,43,13.9,4.1,1011.1,1,0,0,0,0,0,0,2022,5,29
67,0,43,17.8,5.8,1011.6,1,0,0,0,0,0,0,2022,5,30
68,0,43,19.0,5.1,1016.2,1,0,0,0,0,0,0,2022,5,31
69,0,43,22.6,4.8,1015.1,1,0,0,0,0,0,0,2022,6,1
70,0,50,23.5,6.7,1014.0,1,0,0,0,0,0,0,2022,6,6
71,0,50,24.6,9.2,1012.0,1,0,0,0,0,0,0,2022,6,7
72,0,50,22.0,8.5,1008.6,1,0,0,0,0,0,0,2022,6,8
73,0,50,22.3,7.8,1005.6,1,0,0,0,0,0,0,2022,6,9
74,0,50,22.4,5.3,1009.6,1,0,0,0,0,0,0,2022,6,10
75,0,50,21.2,6.1,1013.8,1,0,0,0,0,0,0,2022,6,11
76,0,50,23.6,6.5,1015.4,1,0,0,0,0,0,0,2022,6,12
77,0,50,24.2,5.1,1014.5,1,0,0,0,0,0,0,2022,6,13
78,0,50,22.3,6.3,1018.7,1,0,0,0,0,0,0,2022,6,14
79,0,50,21.4,4.7,1020.3,1,0,0,0,0,0,0,2022,6,15
80,1,57,27.3,6.4,1011.3,1,0,0,0,0,0,0,2022,6,20
81,0,57,26.5,6.5,1010.3,1,0,0,0,0,0,0,2022,6,21
82,0,57,24.0,6.1,1012.7,1,0,0,0,0,0,0,2022,6,22
83,0,57,21.1,6.1,1013.1,1,0,0,0,0,0,0,2022,6,23
84,0,57,24.8,5.5,1013.0,1,0,0,0,0,0,0,2022,6,24
85,0,57,24.1,5.6,1011.4,1,0,0,0,0,0,0,2022,6,25
86,0,57,23.8,4.7,1014.9,1,0,0,0,0,0,0,2022,6,26
87,0,57,26.7,4.9,1016.1,1,0,0,0,0,0,0,2022,6,27
88,1,57,28.5,4.9,1015.6,1,0,0,0,0,0,0,2022,6,28
89,0,57,28.9,11.8,1012.4,1,0,0,0,0,0,0,2022,6,29
90,0,64,23.2,5.3,1023.7,1,0,0,0,0,0,0,2022,7,18
91,0,64,24.7,4.4,1021.4,1,0,0,0,0,0,0,2022,7,19
92,0,64,26.7,4.3,1019.7,1,0,0,0,0,0,0,2022,7,20
93,0,64,28.6,4.1,1016.4,1,0,0,0,0,0,0,2022,7,21
94,0,64,28.8,4.7,1015.7,1,0,0,0,0,0,0,2022,7,22
95,0,64,30.5,4.1,1014.4,1,0,0,0,0,0,0,2022,7,23
96,0,64,28.5,6.1,1015.7,1,0,0,0,0,0,0,2022,7,24
97,1,64,27.6,5.2,1014.4,1,0,0,0,0,0,0,2022,7,25
98,0,64,28.8,5.7,1009.8,1,0,0,0,0,0,0,2022,7,26
99,2,64,26.2,5.7,1012.6,1,0,0,0,0,0,0,2022,7,27
100,1,71,24.1,4.8,1013.9,1,0,0,0,0,0,0,2022,8,1
101,0,71,25.8,5.4,1015.2,1,0,0,0,0,0,0,2022,8,2
102,6,71,26.6,5.0,1015.9,1,0,0,0,0,0,0,2022,8,3
103,1,71,27.8,4.5,1015.7,1,0,0,0,0,0,0,2022,8,4
104,1,71,29.7,4.5,1014.0,1,0,0,0,0,0,0,2022,8,5
105,17,71,28.8,4.7,1012.1,1,0,0,0,0,0,0,2022,8,6
106,31,71,27.0,6.6,1015.0,1,0,0,0,0,0,0,2022,8,7
107,14,71,26.3,6.3,1016.3,1,0,0,0,0,0,0,2022,8,8
108,14,71,23.9,6.5,1019.1,1,0,0,0,0,0,0,2022,8,9
109,54,71,22.7,6.3,1018.9,1,0,0,0,0,0,0,2022,8,10
110,61,78,26.7,5.0,1007.4,1,0,0,0,0,0,0,2022,8,15
111,67,78,27.6,7.3,1009.1,1,0,0,0,0,0,0,2022,8,16
112,109,78,26.8,5.7,1011.4,1,0,0,0,0,0,0,2022,8,17
113,29,78,29.7,4.5,1011.3,1,0,0,0,0,0,0,2022,8,18
114,2,78,30.7,7.4,1009.3,1,0,0,0,0,0,0,2022,8,19
115,18,78,23.3,6.0,1009.8,1,0,0,0,0,0,0,2022,8,20
116,0,78,19.7,5.5,1009.4,1,0,0,0,0,0,0,2022,8,21
117,110,78,20.5,5.0,1009.5,1,0,0,0,0,0,0,2022,8,22
118,13,78,19.3,4.0,1013.2,1,0,0,0,0,0,0,2022,8,23
119,77,78,20.5,4.6,1015.8,1,0,0,0,0,0,0,2022,8,24
120,224,85,23.6,5.3,1016.3,1,0,0,0,0,0,0,2022,8,29
121,163,85,22.6,5.0,1017.1,1,0,0,0,0,0,0,2022,8,30
122,298,85,23.8,5.1,1014.4,1,0,0,0,0,0,0,2022,8,31
123,122,85,18.5,5.4,1013.7,1,0,0,0,0,0,0,2022,9,1
124,36,85,15.2,5.8,1016.0,1,0,0,0,0,0,0,2022,9,2
125,147,85,19.0,4.3,1017.8,1,0,0,0,0,0,0,2022,9,3
126,170,85,20.3,6.1,1019.9,1,0,0,0,0,0,0,2022,9,4
127,109,85,20.7,4.4,1022.9,1,0,0,0,0,0,0,2022,9,5
128,72,85,22.3,4.0,1020.3,1,0,0,0,0,0,0,2022,9,6
129,172,85,23.2,7.7,1016.7,1,0,0,0,0,0,0,2022,9,7
130,348,92,17.7,6.4,1015.2,1,0,0,0,0,0,0,2022,9,12
131,138,92,18.5,5.3,1014.5,1,0,0,0,0,0,0,2022,9,13
132,290,92,22.3,5.3,1011.1,1,0,0,0,0,0,0,2022,9,14
133,297,92,24.3,6.0,1008.3,1,0,0,0,0,0,0,2022,9,15
134,32,92,19.3,6.7,1008.1,1,0,0,0,0,0,0,2022,9,16
135,0,92,13.3,7.0,1005.7,1,0,0,0,0,0,0,2022,9,17
136,4,92,13.9,8.3,1013.4,1,0,0,0,0,0,0,2022,9,18
137,2,92,12.3,5.8,1015.2,1,0,0,0,0,0,0,2022,9,19
138,6,92,12.4,5.4,1018.7,1,0,0,0,0,0,0,2022,9,20
139,1,92,11.0,5.0,1021.0,1,0,0,0,0,0,0,2022,9,21
140,4,99,19.0,8.5,1008.2,1,0,0,0,0,0,0,2022,9,26
141,5,99,17.5,4.5,1002.1,1,0,0,0,0,0,0,2022,9,27
142,5,99,16.3,5.8,1004.2,1,0,0,0,0,0,0,2022,9,28
143,12,99,20.1,9.3,1003.6,1,0,0,0,0,0,0,2022,9,29
144,2,99,20.7,5.8,1011.1,1,0,0,0,0,0,0,2022,9,30
145,6,99,19.6,7.5,1014.5,1,0,0,0,0,0,0,2022,10,1
146,4,99,17.1,6.5,1018.2,1,0,0,0,0,0,0,2022,10,2
147,14,99,14.9,7.8,1018.5,1,0,0,0,0,0,0,2022,10,3
148,8,99,13.1,5.8,1023.0,1,0,0,0,0,0,0,2022,10,4
149,1,99,13.2,4.8,1028.8,1,0,0,0,0,0,0,2022,10,5
150,0,106,14.8,6.6,1023.0,1,0,0,0,0,0,0,2022,10,10
151,0,106,15.2,5.8,1021.9,1,0,0,0,0,0,0,2022,10,11
152,0,106,16.2,4.4,1023.5,1,0,0,0,0,0,0,2022,10,12
153,0,106,16.8,5.3,1021.8,1,0,0,0,0,0,0,2022,10,13
154,0,106,15.6,8.0,1018.8,1,0,0,0,0,0,0,2022,10,14
155,0,106,15.1,12.2,1019.2,1,0,0,0,0,0,0,2022,10,15
156,1,106,16.3,10.8,1024.0,1,0,0,0,0,0,0,2022,10,16
157,0,106,16.8,9.2,1030.7,1,0,0,0,0,0,0,2022,10,17
158,4,106,15.8,9.0,1027.8,1,0,0,0,0,0,0,2022,10,18
159,6,106,12.8,5.3,1022.4,1,0,0,0,0,0,0,2022,10,19
160,0,2,7.6,37.6,1020.4,0,1,0,0,0,0,0,2022,2,14
161,0,2,10.2,32.0,1016.8,0,1,0,0,0,0,0,2022,2,15
162,0,2,7.8,15.7,1015.6,0,1,0,0,0,0,0,2022,2,16
163,0,2,9.5,19.1,1007.7,0,1,0,0,0,0,0,2022,2,17
164,0,2,8.4,14.1,1015.5,0,1,0,0,0,0,0,2022,2,18
165,0,2,10.9,23.6,1015.8,0,1,0,0,0,0,0,2022,2,19
166,0,2,7.1,8.5,1019.5,0,1,0,0,0,0,0,2022,2,20
167,0,2,9.4,22.0,1009.1,0,1,0,0,0,0,0,2022,2,21
168,0,2,5.8,9.3,1012.3,0,1,0,0,0,0,0,2022,2,22
169,0,2,3.0,5.3,1023.4,0,1,0,0,0,0,0,2022,2,23
170,0,9,2.7,7.4,1024.9,0,1,0,0,0,0,0,2022,2,28
171,0,9,2.4,6.5,1026.2,0,1,0,0,0,0,0,2022,3,1
172,0,9,0.1,4.1,1021.4,0,1,0,0,0,0,0,2022,3,2
173,0,9,2.6,4.5,1016.2,0,1,0,0,0,0,0,2022,3,3
174,0,9,2.3,7.9,1015.5,0,1,0,0,0,0,0,2022,3,4
175,0,9,0.5,7.3,1018.0,0,1,0,0,0,0,0,2022,3,5
176,0,9,2.0,10.0,1017.7,0,1,0,0,0,0,0,2022,3,6
177,0,9,1.5,6.9,1017.9,0,1,0,0,0,0,0,2022,3,7
178,0,9,0.6,8.7,1019.1,0,1,0,0,0,0,0,2022,3,8
179,0,9,0.2,11.6,1020.3,0,1,0,0,0,0,0,2022,3,9
180,0,16,6.5,19.1,1033.2,0,1,0,0,0,0,0,2022,3,14
181,0,16,5.6,3.5,1032.4,0,1,0,0,0,0,0,2022,3,15
182,0,16,10.1,11.6,1022.6,0,1,0,0,0,0,0,2022,3,16
183,0,16,5.6,24.2,1030.4,0,1,0,0,0,0,0,2022,3,17
184,0,16,5.4,20.8,1038.3,0,1,0,0,0,0,0,2022,3,18
185,0,16,4.6,15.2,1038.6,0,1,0,0,0,0,0,2022,3,19
186,0,16,4.3,16.8,1040.2,0,1,0,0,0,0,0,2022,3,20
187,0,16,4.6,6.4,1036.7,0,1,0,0,0,0,0,2022,3,21
188,0,16,6.2,11.2,1032.7,0,1,0,0,0,0,0,2022,3,22
189,0,16,11.4,12.8,1029.5,0,1,0,0,0,0,0,2022,3,23
190,0,23,8.9,11.1,1024.4,0,1,0,0,0,0,0,2022,3,28
191,0,23,14.1,9.7,1012.2,0,1,0,0,0,0,0,2022,3,29
192,0,23,15.2,14.6,1006.5,0,1,0,0,0,0,0,2022,3,30
193,0,23,14.7,30.3,997.4,0,1,0,0,0,0,0,2022,3,31
194,0,23,14.3,23.6,994.0,0,1,0,0,0,0,0,2022,4,1
195,0,23,7.4,7.8,1001.1,0,1,0,0,0,0,0,2022,4,2
196,0,23,3.4,11.5,1012.5,0,1,0,0,0,0,0,2022,4,3
197,0,23,4.6,4.1,1019.9,0,1,0,0,0,0,0,2022,4,4
198,0,23,9.2,12.3,1012.0,0,1,0,0,0,0,0,2022,4,5
199,0,23,12.8,11.3,1009.8,0,1,0,0,0,0,0,2022,4,6
200,0,30,6.2,8.9,1020.7,0,1,0,0,0,0,0,2022,4,11
201,0,30,7.0,7.1,1021.2,0,1,0,0,0,0,0,2022,4,12
202,0,30,8.5,6.6,1021.0,0,1,0,0,0,0,0,2022,4,13
203,0,30,10.6,6.5,1020.8,0,1,0,0,0,0,0,2022,4,14
204,0,30,13.9,6.3,1017.9,0,1,0,0,0,0,0,2022,4,15
205,0,30,11.6,12.9,1018.0,0,1,0,0,0,0,0,2022,4,16
206,0,30,6.4,11.6,1018.0,0,1,0,0,0,0,0,2022,4,17
207,0,30,5.9,8.3,1014.5,0,1,0,0,0,0,0,2022,4,18
208,0,30,6.2,5.8,1012.5,0,1,0,0,0,0,0,2022,4,19
209,0,30,7.3,8.7,1014.0,0,1,0,0,0,0,0,2022,4,20
210,0,37,18.4,6.8,1021.1,0,1,0,0,0,0,0,2022,5,9
211,0,37,15.9,9.4,1020.1,0,1,0,0,0,0,0,2022,5,10
212,0,37,16.5,4.1,1019.6,0,1,0,0,0,0,0,2022,5,11
213,0,37,20.8,7.7,1018.7,0,1,0,0,0,0,0,2022,5,12
214,0,37,21.4,5.1,1016.0,0,1,0,0,0,0,0,2022,5,13
215,0,37,20.4,10.9,1016.3,0,1,0,0,0,0,0,2022,5,14
216,0,37,18.4,6.7,1018.2,0,1,0,0,0,0,0,2022,5,15
217,0,37,19.1,5.2,1017.9,0,1,0,0,0,0,0,2022,5,16
218,0,37,21.1,10.7,1014.8,0,1,0,0,0,0,0,2022,5,17
219,0,37,16.6,21.8,1020.9,0,1,0,0,0,0,0,2022,5,18
220,0,44,16.7,8.0,1010.9,0,1,0,0,0,0,0,2022,5,23
221,0,44,19.6,18.9,1009.2,0,1,0,0,0,0,0,2022,5,24
222,0,44,24.6,28.3,1011.4,0,1,0,0,0,0,0,2022,5,25
223,0,44,19.6,11.2,1020.4,0,1,0,0,0,0,0,2022,5,26
224,0,44,20.6,4.1,1017.7,0,1,0,0,0,0,0,2022,5,27
225,0,44,16.2,12.3,1013.2,0,1,0,0,0,0,0,2022,5,28
226,0,44,13.9,5.9,1010.5,0,1,0,0,0,0,0,2022,5,29
227,0,44,17.0,6.8,1011.7,0,1,0,0,0,0,0,2022,5,30
228,1,44,18.5,6.8,1016.2,0,1,0,0,0,0,0,2022,5,31
229,2,44,22.5,8.0,1015.1,0,1,0,0,0,0,0,2022,6,1
230,0,51,23.7,9.3,1013.7,0,1,0,0,0,0,0,2022,6,6
231,1,51,24.6,21.3,1012.2,0,1,0,0,0,0,0,2022,6,7
232,0,51,23.3,26.3,1008.5,0,1,0,0,0,0,0,2022,6,8
233,0,51,22.2,15.0,1006.2,0,1,0,0,0,0,0,2022,6,9
234,1,51,21.4,7.2,1009.6,0,1,0,0,0,0,0,2022,6,10
235,0,51,20.1,8.9,1013.1,0,1,0,0,0,0,0,2022,6,11
236,0,51,22.4,11.4,1014.2,0,1,0,0,0,0,0,2022,6,12
237,0,51,23.5,7.3,1013.9,0,1,0,0,0,0,0,2022,6,13
238,1,51,20.7,12.6,1017.9,0,1,0,0,0,0,0,2022,6,14
239,0,51,19.0,4.9,1020.1,0,1,0,0,0,0,0,2022,6,15
240,0,58,26.3,11.2,1011.7,0,1,0,0,0,0,0,2022,6,20
241,0,58,25.7,12.8,1010.2,0,1,0,0,0,0,0,2022,6,21
242,0,58,21.7,7.2,1012.2,0,1,0,0,0,0,0,2022,6,22
243,0,58,20.2,5.6,1013.2,0,1,0,0,0,0,0,2022,6,23
244,1,58,22.3,5.4,1013.4,0,1,0,0,0,0,0,2022,6,24
245,1,58,22.2,6.3,1012.0,0,1,0,0,0,0,0,2022,6,25
246,1,58,22.8,7.2,1015.3,0,1,0,0,0,0,0,2022,6,26
247,6,58,24.5,4.5,1016.8,0,1,0,0,0,0,0,2022,6,27
248,6,58,26.2,7.0,1015.9,0,1,0,0,0,0,0,2022,6,28
249,6,58,29.2,20.7,1013.7,0,1,0,0,0,0,0,2022,6,29
250,0,65,20.3,6.0,1024.1,0,1,0,0,0,0,0,2022,7,18
251,1,65,21.6,3.1,1022.0,0,1,0,0,0,0,0,2022,7,19
252,1,65,23.8,6.3,1020.2,0,1,0,0,0,0,0,2022,7,20
253,0,65,26.3,9.7,1016.6,0,1,0,0,0,0,0,2022,7,21
254,0,65,25.5,4.0,1016.2,0,1,0,0,0,0,0,2022,7,22
255,1,65,27.2,6.2,1015.0,0,1,0,0,0,0,0,2022,7,23
256,1,65,26.3,11.8,1015.7,0,1,0,0,0,0,0,2022,7,24
257,2,65,25.2,5.6,1014.7,0,1,0,0,0,0,0,2022,7,25
258,4,65,26.4,7.7,1010.6,0,1,0,0,0,0,0,2022,7,26
259,4,65,25.1,9.1,1012.9,0,1,0,0,0,0,0,2022,7,27
260,1,72,21.9,8.3,1014.5,0,1,0,0,0,0,0,2022,8,1
261,5,72,22.4,9.8,1015.7,0,1,0,0,0,0,0,2022,8,2
262,6,72,24.1,5.6,1016.4,0,1,0,0,0,0,0,2022,8,3
263,8,72,24.8,5.6,1016.3,0,1,0,0,0,0,0,2022,8,4
264,16,72,25.6,5.2,1014.7,0,1,0,0,0,0,0,2022,8,5
265,10,72,26.1,4.4,1012.6,0,1,0,0,0,0,0,2022,8,6
266,36,72,26.0,8.7,1014.9,0,1,0,0,0,0,0,2022,8,7
267,7,72,24.7,9.6,1017.2,0,1,0,0,0,0,0,2022,8,8
268,25,72,21.8,5.3,1019.2,0,1,0,0,0,0,0,2022,8,9
269,9,72,23.1,9.5,1018.7,0,1,0,0,0,0,0,2022,8,10
270,10,79,25.0,11.0,1007.9,0,1,0,0,0,0,0,2022,8,15
271,106,79,25.9,14.0,1009.5,0,1,0,0,0,0,0,2022,8,16
272,49,79,27.0,10.5,1011.5,0,1,0,0,0,0,0,2022,8,17
273,66,79,28.0,7.0,1012.1,0,1,0,0,0,0,0,2022,8,18
274,71,79,30.5,7.0,1010.4,0,1,0,0,0,0,0,2022,8,19
275,22,79,24.3,13.3,1010.3,0,1,0,0,0,0,0,2022,8,20
276,16,79,20.2,6.5,1009.3,0,1,0,0,0,0,0,2022,8,21
277,118,79,20.2,5.1,1009.9,0,1,0,0,0,0,0,2022,8,22
278,130,79,19.7,7.9,1013.2,0,1,0,0,0,0,0,2022,8,23
279,92,79,22.1,5.4,1015.8,0,1,0,0,0,0,0,2022,8,24
280,161,86,22.7,7.7,1016.5,0,1,0,0,0,0,0,2022,8,29
281,294,86,22.1,7.5,1017.3,0,1,0,0,0,0,0,2022,8,30
282,233,86,22.1,4.2,1015.1,0,1,0,0,0,0,0,2022,8,31
283,458,86,19.5,4.1,1013.4,0,1,0,0,0,0,0,2022,9,1
284,41,86,15.7,6.9,1015.5,0,1,0,0,0,0,0,2022,9,2
285,169,86,17.5,3.6,1018.2,0,1,0,0,0,0,0,2022,9,3
286,173,86,19.1,9.5,1020.5,0,1,0,0,0,0,0,2022,9,4
287,95,86,20.8,9.4,1023.5,0,1,0,0,0,0,0,2022,9,5
288,295,86,20.6,5.7,1020.9,0,1,0,0,0,0,0,2022,9,6
289,312,86,23.9,23.3,1017.7,0,1,0,0,0,0,0,2022,9,7
290,33,93,16.3,6.3,1014.8,0,1,0,0,0,0,0,2022,9,12
291,30,93,15.5,5.3,1014.4,0,1,0,0,0,0,0,2022,9,13
292,14,93,21.1,16.5,1011.6,0,1,0,0,0,0,0,2022,9,14
293,12,93,24.7,17.3,1008.8,0,1,0,0,0,0,0,2022,9,15
294,5,93,18.9,4.1,1008.7,0,1,0,0,0,0,0,2022,9,16
295,5,93,14.4,12.7,1004.9,0,1,0,0,0,0,0,2022,9,17
296,10,93,12.8,16.1,1012.8,0,1,0,0,0,0,0,2022,9,18
297,21,93,12.4,10.5,1015.0,0,1,0,0,0,0,0,2022,9,19
298,49,93,12.1,7.3,1018.0,0,1,0,0,0,0,0,2022,9,20
299,23,93,10.1,4.6,1020.3,0,1,0,0,0,0,0,2022,9,21
300,3,100,18.4,25.8,1008.8,0,1,0,0,0,0,0,2022,9,26
301,0,100,16.8,10.0,1002.4,0,1,0,0,0,0,0,2022,9,27
302,4,100,15.8,6.9,1004.3,0,1,0,0,0,0,0,2022,9,28
303,3,100,19.7,23.6,1004.5,0,1,0,0,0,0,0,2022,9,29
304,3,100,20.6,18.3,1012.0,0,1,0,0,0,0,0,2022,9,30
305,3,100,20.3,20.0,1014.8,0,1,0,0,0,0,0,2022,10,1
306,6,100,15.7,9.9,1018.0,0,1,0,0,0,0,0,2022,10,2
307,5,100,14.0,11.4,1017.8,0,1,0,0,0,0,0,2022,10,3
308,1,100,11.0,4.3,1022.6,0,1,0,0,0,0,0,2022,10,4
309,1,100,9.4,3.0,1029.2,0,1,0,0,0,0,0,2022,10,5
310,1,107,13.6,18.0,1023.3,0,1,0,0,0,0,0,2022,10,10
311,1,107,15.9,17.5,1022.0,0,1,0,0,0,0,0,2022,10,11
312,1,107,15.3,3.0,1023.9,0,1,0,0,0,0,0,2022,10,12
313,1,107,17.2,10.5,1022.4,0,1,0,0,0,0,0,2022,10,13
314,0,107,15.4,8.3,1019.6,0,1,0,0,0,0,0,2022,10,14
315,1,107,15.2,29.2,1019.9,0,1,0,0,0,0,0,2022,10,15
316,0,107,16.7,26.7,1024.8,0,1,0,0,0,0,0,2022,10,16
317,1,107,16.9,14.6,1031.6,0,1,0,0,0,0,0,2022,10,17
318,2,107,16.4,12.5,1028.3,0,1,0,0,0,0,0,2022,10,18
319,3,107,11.1,6.0,1022.2,0,1,0,0,0,0,0,2022,10,19
320,0,3,6.1,6.5,1022.7,0,0,0,1,0,0,0,2022,2,14
321,0,3,9.5,8.0,1018.7,0,0,0,1,0,0,0,2022,2,15
322,0,3,8.4,4.0,1017.0,0,0,0,1,0,0,0,2022,2,16
323,0,3,9.3,8.5,1010.2,0,0,0,1,0,0,0,2022,2,17
324,0,3,9.6,12.4,1017.6,0,0,0,1,0,0,0,2022,2,18
325,0,3,9.9,8.6,1017.0,0,0,0,1,0,0,0,2022,2,19
326,0,3,6.0,4.3,1021.3,0,0,0,1,0,0,0,2022,2,20
327,0,3,8.6,9.8,1011.0,0,0,0,1,0,0,0,2022,2,21
328,0,3,5.5,13.3,1013.8,0,0,0,1,0,0,0,2022,2,22
329,0,3,5.9,9.3,1024.3,0,0,0,1,0,0,0,2022,2,23
330,0,10,1.6,2.9,1026.2,0,0,0,1,0,0,0,2022,2,28
331,0,10,1.6,6.3,1027.3,0,0,0,1,0,0,0,2022,3,1
332,0,10,2.6,8.8,1023.1,0,0,0,1,0,0,0,2022,3,2
333,0,10,4.2,7.2,1017.9,0,0,0,1,0,0,0,2022,3,3
334,0,10,2.2,7.2,1016.6,0,0,0,1,0,0,0,2022,3,4
335,0,10,2.2,7.1,1018.5,0,0,0,1,0,0,0,2022,3,5
336,0,10,0.7,3.4,1017.4,0,0,0,1,0,0,0,2022,3,6
337,0,10,0.6,6.2,1019.0,0,0,0,1,0,0,0,2022,3,7
338,0,10,-0.4,8.8,1020.9,0,0,0,1,0,0,0,2022,3,8
339,0,10,0.4,10.1,1022.1,0,0,0,1,0,0,0,2022,3,9
340,0,17,3.0,4.9,1034.2,0,0,0,1,0,0,0,2022,3,14
341,0,17,6.7,5.3,1033.3,0,0,0,1,0,0,0,2022,3,15
342,0,17,9.4,7.2,1024.2,0,0,0,1,0,0,0,2022,3,16
343,0,17,5.5,4.8,1030.6,0,0,0,1,0,0,0,2022,3,17
344,0,17,2.3,5.2,1038.8,0,0,0,1,0,0,0,2022,3,18
345,0,17,2.2,5.0,1039.9,0,0,0,1,0,0,0,2022,3,19
346,0,17,3.2,6.6,1040.7,0,0,0,1,0,0,0,2022,3,20
347,0,17,2.6,5.6,1037.7,0,0,0,1,0,0,0,2022,3,21
348,0,17,6.2,8.3,1034.2,0,0,0,1,0,0,0,2022,3,22
349,0,17,8.3,6.0,1030.8,0,0,0,1,0,0,0,2022,3,23
350,0,24,10.4,3.5,1025.6,0,0,0,1,0,0,0,2022,3,28
351,0,24,13.7,6.3,1014.3,0,0,0,1,0,0,0,2022,3,29
352,0,24,14.3,8.2,1008.6,0,0,0,1,0,0,0,2022,3,30
353,0,24,15.7,13.3,999.1,0,0,0,1,0,0,0,2022,3,31
354,0,24,15.1,10.0,995.4,0,0,0,1,0,0,0,2022,4,1
355,0,24,10.8,10.5,1001.7,0,0,0,1,0,0,0,2022,4,2
356,0,24,4.2,9.7,1014.3,0,0,0,1,0,0,0,2022,4,3
357,0,24,4.9,4.5,1021.1,0,0,0,1,0,0,0,2022,4,4
358,0,24,8.9,7.5,1013.6,0,0,0,1,0,0,0,2022,4,5
359,0,24,13.2,7.0,1011.1,0,0,0,1,0,0,0,2022,4,6
360,0,31,7.4,15.5,1022.2,0,0,0,1,0,0,0,2022,4,11
361,0,31,9.2,6.7,1021.9,0,0,0,1,0,0,0,2022,4,12
362,0,31,9.8,6.2,1021.4,0,0,0,1,0,0,0,2022,4,13
363,0,31,10.9,5.0,1021.8,0,0,0,1,0,0,0,2022,4,14
364,0,31,14.4,6.0,1018.9,0,0,0,1,0,0,0,2022,4,15
365,0,31,12.5,10.0,1019.1,0,0,0,1,0,0,0,2022,4,16
366,0,31,6.3,12.5,1019.7,0,0,0,1,0,0,0,2022,4,17
367,0,31,6.5,7.1,1015.9,0,0,0,1,0,0,0,2022,4,18
368,0,31,7.6,6.1,1014.0,0,0,0,1,0,0,0,2022,4,19
369,0,31,5.6,5.6,1015.2,0,0,0,1,0,0,0,2022,4,20
370,0,38,16.2,5.1,1021.3,0,0,0,1,0,0,0,2022,5,9
371,0,38,15.3,5.4,1021.3,0,0,0,1,0,0,0,2022,5,10
372,0,38,17.1,4.7,1020.8,0,0,0,1,0,0,0,2022,5,11
373,0,38,19.5,5.8,1019.8,0,0,0,1,0,0,0,2022,5,12
374,0,38,21.4,6.5,1017.2,0,0,0,1,0,0,0,2022,5,13
375,0,38,21.0,11.1,1017.3,0,0,0,1,0,0,0,2022,5,14
376,0,38,20.1,8.0,1019.1,0,0,0,1,0,0,0,2022,5,15
377,0,38,19.8,5.6,1019.0,0,0,0,1,0,0,0,2022,5,16
378,0,38,19.9,7.8,1016.2,0,0,0,1,0,0,0,2022,5,17
379,0,38,17.0,14.1,1021.1,0,0,0,1,0,0,0,2022,5,18
380,0,45,19.2,6.1,1011.7,0,0,0,1,0,0,0,2022,5,23
381,0,45,21.9,5.1,1009.7,0,0,0,1,0,0,0,2022,5,24
382,0,45,24.6,7.7,1012.0,0,0,0,1,0,0,0,2022,5,25
383,0,45,21.3,9.1,1020.6,0,0,0,1,0,0,0,2022,5,26
384,0,45,21.9,4.7,1018.3,0,0,0,1,0,0,0,2022,5,27
385,0,45,16.4,9.6,1014.2,0,0,0,1,0,0,0,2022,5,28
386,0,45,14.0,5.3,1011.9,0,0,0,1,0,0,0,2022,5,29
387,0,45,17.8,4.3,1011.9,0,0,0,1,0,0,0,2022,5,30
388,0,45,18.2,4.9,1016.9,0,0,0,1,0,0,0,2022,5,31
389,0,45,22.0,7.0,1015.9,0,0,0,1,0,0,0,2022,6,1
390,0,52,21.2,5.1,1014.7,0,0,0,1,0,0,0,2022,6,6
391,0,52,22.1,6.3,1013.4,0,0,0,1,0,0,0,2022,6,7
392,0,52,21.2,5.1,1009.6,0,0,0,1,0,0,0,2022,6,8
393,0,52,20.4,6.1,1007.0,0,0,0,1,0,0,0,2022,6,9
394,0,52,19.9,6.0,1009.9,0,0,0,1,0,0,0,2022,6,10
395,0,52,18.6,9.2,1014.4,0,0,0,1,0,0,0,2022,6,11
396,0,52,19.7,10.2,1015.7,0,0,0,1,0,0,0,2022,6,12
397,0,52,22.5,5.7,1015.3,0,0,0,1,0,0,0,2022,6,13
398,0,52,20.1,10.6,1018.9,0,0,0,1,0,0,0,2022,6,14
399,0,52,19.1,6.0,1021.0,0,0,0,1,0,0,0,2022,6,15
400,0,59,22.8,5.1,1013.2,0,0,0,1,0,0,0,2022,6,20
401,0,59,24.0,8.5,1011.5,0,0,0,1,0,0,0,2022,6,21
402,0,59,22.2,5.5,1013.2,0,0,0,1,0,0,0,2022,6,22
403,0,59,20.0,6.9,1013.7,0,0,0,1,0,0,0,2022,6,23
404,0,59,22.1,4.0,1014.5,0,0,0,1,0,0,0,2022,6,24
405,0,59,23.4,6.9,1012.8,0,0,0,1,0,0,0,2022,6,25
406,0,59,22.7,6.5,1016.0,0,0,0,1,0,0,0,2022,6,26
407,0,59,24.5,5.7,1017.4,0,0,0,1,0,0,0,2022,6,27
408,0,59,24.8,5.7,1016.9,0,0,0,1,0,0,0,2022,6,28
409,0,59,26.2,6.9,1014.5,0,0,0,1,0,0,0,2022,6,29
410,3,66,20.2,5.3,1023.8,0,0,0,1,0,0,0,2022,7,18
411,2,66,22.3,5.2,1021.6,0,0,0,1,0,0,0,2022,7,19
412,4,66,24.1,5.0,1020.2,0,0,0,1,0,0,0,2022,7,20
413,2,66,26.0,9.0,1017.0,0,0,0,1,0,0,0,2022,7,21
414,1,66,26.9,6.4,1016.1,0,0,0,1,0,0,0,2022,7,22
415,2,66,28.2,5.1,1015.0,0,0,0,1,0,0,0,2022,7,23
416,1,66,27.1,10.3,1015.8,0,0,0,1,0,0,0,2022,7,24
417,0,66,26.3,6.6,1014.8,0,0,0,1,0,0,0,2022,7,25
418,0,66,26.5,5.7,1010.3,0,0,0,1,0,0,0,2022,7,26
419,0,66,24.9,7.3,1012.9,0,0,0,1,0,0,0,2022,7,27
420,2,73,21.6,6.8,1014.5,0,0,0,1,0,0,0,2022,8,1
421,1,73,22.8,4.9,1015.1,0,0,0,1,0,0,0,2022,8,2
422,10,73,24.0,4.1,1016.3,0,0,0,1,0,0,0,2022,8,3
423,0,73,24.8,4.2,1015.9,0,0,0,1,0,0,0,2022,8,4
424,1,73,24.9,3.7,1014.6,0,0,0,1,0,0,0,2022,8,5
425,4,73,25.3,4.2,1012.8,0,0,0,1,0,0,0,2022,8,6
426,8,73,24.3,5.8,1015.1,0,0,0,1,0,0,0,2022,8,7
427,10,73,25.7,4.0,1015.7,0,0,0,1,0,0,0,2022,8,8
428,24,73,23.3,4.8,1018.8,0,0,0,1,0,0,0,2022,8,9
429,50,73,23.2,6.3,1018.7,0,0,0,1,0,0,0,2022,8,10
430,40,80,23.5,4.6,1009.0,0,0,0,1,0,0,0,2022,8,15
431,48,80,24.9,5.8,1010.0,0,0,0,1,0,0,0,2022,8,16
432,68,80,25.6,5.2,1012.0,0,0,0,1,0,0,0,2022,8,17
433,12,80,26.5,4.2,1012.1,0,0,0,1,0,0,0,2022,8,18
434,4,80,27.2,5.2,1010.5,0,0,0,1,0,0,0,2022,8,19
435,8,80,23.1,3.0,1009.9,0,0,0,1,0,0,0,2022,8,20
436,0,80,20.6,4.3,1010.1,0,0,0,1,0,0,0,2022,8,21
437,52,80,20.1,3.0,1010.0,0,0,0,1,0,0,0,2022,8,22
438,88,80,19.3,2.5,1012.7,0,0,0,1,0,0,0,2022,8,23
439,74,80,20.9,2.9,1015.8,0,0,0,1,0,0,0,2022,8,24
440,45,87,23.0,3.5,1016.1,0,0,0,1,0,0,0,2022,8,29
441,55,87,21.2,3.9,1017.5,0,0,0,1,0,0,0,2022,8,30
442,88,87,21.9,3.8,1015.1,0,0,0,1,0,0,0,2022,8,31
443,144,87,19.2,3.6,1013.4,0,0,0,1,0,0,0,2022,9,1
444,10,87,15.4,3.4,1016.2,0,0,0,1,0,0,0,2022,9,2
445,70,87,17.7,2.4,1018.2,0,0,0,1,0,0,0,2022,9,3
446,96,87,19.0,2.8,1019.5,0,0,0,1,0,0,0,2022,9,4
447,108,87,19.7,2.6,1023.0,0,0,0,1,0,0,0,2022,9,5
448,40,87,20.5,2.9,1020.7,0,0,0,1,0,0,0,2022,9,6
449,120,87,20.6,4.9,1017.9,0,0,0,1,0,0,0,2022,9,7
450,40,94,17.8,7.6,1015.8,0,0,0,1,0,0,0,2022,9,12
451,18,94,17.4,5.9,1015.2,0,0,0,1,0,0,0,2022,9,13
452,24,94,20.6,5.9,1013.0,0,0,0,1,0,0,0,2022,9,14
453,48,94,23.0,6.5,1010.0,0,0,0,1,0,0,0,2022,9,15
454,30,94,22.4,3.6,1008.3,0,0,0,1,0,0,0,2022,9,16
455,22,94,14.3,3.9,1005.9,0,0,0,1,0,0,0,2022,9,17
456,10,94,12.9,9.3,1014.2,0,0,0,1,0,0,0,2022,9,18
457,5,94,11.1,5.9,1016.2,0,0,0,1,0,0,0,2022,9,19
458,8,94,11.9,4.5,1019.4,0,0,0,1,0,0,0,2022,9,20
459,4,94,10.9,7.5,1020.8,0,0,0,1,0,0,0,2022,9,21
460,4,101,16.8,6.2,1010.9,0,0,0,1,0,0,0,2022,9,26
461,5,101,16.3,4.1,1003.6,0,0,0,1,0,0,0,2022,9,27
462,2,101,15.4,4.3,1005.2,0,0,0,1,0,0,0,2022,9,28
463,3,101,17.4,6.8,1005.4,0,0,0,1,0,0,0,2022,9,29
464,7,101,20.2,8.1,1012.0,0,0,0,1,0,0,0,2022,9,30
465,6,101,17.5,6.7,1016.0,0,0,0,1,0,0,0,2022,10,1
466,8,101,16.6,8.3,1018.9,0,0,0,1,0,0,0,2022,10,2
467,2,101,13.0,9.4,1018.8,0,0,0,1,0,0,0,2022,10,3
468,5,101,13.0,9.0,1023.1,0,0,0,1,0,0,0,2022,10,4
469,0,101,11.3,3.7,1028.9,0,0,0,1,0,0,0,2022,10,5
470,0,108,14.1,3.9,1023.6,0,0,0,1,0,0,0,2022,10,10
471,1,108,13.2,3.3,1021.9,0,0,0,1,0,0,0,2022,10,11
472,0,108,15.3,3.1,1023.9,0,0,0,1,0,0,0,2022,10,12
473,0,108,14.6,3.2,1022.4,0,0,0,1,0,0,0,2022,10,13
474,2,108,12.1,2.8,1019.7,0,0,0,1,0,0,0,2022,10,14
475,0,108,11.6,4.0,1020.3,0,0,0,1,0,0,0,2022,10,15
476,1,108,14.2,5.1,1024.2,0,0,0,1,0,0,0,2022,10,16
477,2,108,11.5,2.5,1031.2,0,0,0,1,0,0,0,2022,10,17
478,0,108,10.7,4.1,1029.2,0,0,0,1,0,0,0,2022,10,18
479,1,108,11.7,7.7,1022.8,0,0,0,1,0,0,0,2022,10,19
480,0,4,3.9,4.5,1022.7,0,0,1,0,0,0,0,2022,2,14
481,0,4,8.8,9.5,1018.5,0,0,1,0,0,0,0,2022,2,15
482,0,4,8.2,3.4,1016.4,0,0,1,0,0,0,0,2022,2,16
483,0,4,7.6,4.9,1010.1,0,0,1,0,0,0,0,2022,2,17
484,0,4,9.2,8.0,1017.6,0,0,1,0,0,0,0,2022,2,18
485,0,4,8.7,4.4,1017.0,0,0,1,0,0,0,0,2022,2,19
486,0,4,6.6,4.0,1020.6,0,0,1,0,0,0,0,2022,2,20
487,0,4,6.8,4.4,1010.8,0,0,1,0,0,0,0,2022,2,21
488,0,4,4.8,10.5,1013.7,0,0,1,0,0,0,0,2022,2,22
489,0,4,5.6,6.8,1024.6,0,0,1,0,0,0,0,2022,2,23
490,0,11,1.7,3.8,1026.0,0,0,1,0,0,0,0,2022,2,28
491,0,11,1.2,5.5,1027.4,0,0,1,0,0,0,0,2022,3,1
492,0,11,2.3,7.1,1022.9,0,0,1,0,0,0,0,2022,3,2
493,0,11,3.9,7.5,1017.8,0,0,1,0,0,0,0,2022,3,3
494,0,11,2.5,5.7,1016.6,0,0,1,0,0,0,0,2022,3,4
495,0,11,2.8,5.9,1017.9,0,0,1,0,0,0,0,2022,3,5
496,0,11,0.4,4.2,1016.5,0,0,1,0,0,0,0,2022,3,6
497,0,11,0.6,6.2,1018.6,0,0,1,0,0,0,0,2022,3,7
498,0,11,-0.6,7.7,1021.0,0,0,1,0,0,0,0,2022,3,8
499,0,11,0.2,8.8,1022.2,0,0,1,0,0,0,0,2022,3,9
500,0,18,3.2,5.6,1034.1,0,0,1,0,0,0,0,2022,3,14
501,0,18,6.1,3.9,1033.3,0,0,1,0,0,0,0,2022,3,15
502,0,18,8.6,4.1,1024.3,0,0,1,0,0,0,0,2022,3,16
503,0,18,5.4,8.0,1030.5,0,0,1,0,0,0,0,2022,3,17
504,0,18,3.7,9.3,1038.2,0,0,1,0,0,0,0,2022,3,18
505,0,18,2.4,7.2,1039.3,0,0,1,0,0,0,0,2022,3,19
506,0,18,2.5,7.5,1040.3,0,0,1,0,0,0,0,2022,3,20
507,0,18,3.2,4.7,1037.6,0,0,1,0,0,0,0,2022,3,21
508,0,18,6.4,7.4,1034.2,0,0,1,0,0,0,0,2022,3,22
509,0,18,8.4,5.5,1030.9,0,0,1,0,0,0,0,2022,3,23
510,0,25,11.5,5.1,1025.3,0,0,1,0,0,0,0,2022,3,28
511,0,25,13.3,4.1,1014.2,0,0,1,0,0,0,0,2022,3,29
512,0,25,13.3,5.6,1008.3,0,0,1,0,0,0,0,2022,3,30
513,0,25,16.3,10.5,998.2,0,0,1,0,0,0,0,2022,3,31
514,0,25,16.1,12.0,993.9,0,0,1,0,0,0,0,2022,4,1
515,0,25,12.5,12.0,1000.8,0,0,1,0,0,0,0,2022,4,2
516,0,25,4.4,7.1,1013.6,0,0,1,0,0,0,0,2022,4,3
517,0,25,5.6,4.5,1020.2,0,0,1,0,0,0,0,2022,4,4
518,0,25,8.2,3.5,1013.3,0,0,1,0,0,0,0,2022,4,5
519,0,25,13.2,6.9,1010.5,0,0,1,0,0,0,0,2022,4,6
520,0,32,7.5,13.5,1022.0,0,0,1,0,0,0,0,2022,4,11
521,0,32,8.8,4.2,1021.6,0,0,1,0,0,0,0,2022,4,12
522,0,32,11.1,6.1,1020.8,0,0,1,0,0,0,0,2022,4,13
523,0,32,12.0,4.3,1021.5,0,0,1,0,0,0,0,2022,4,14
524,0,32,14.4,4.4,1018.7,0,0,1,0,0,0,0,2022,4,15
525,0,32,12.8,7.3,1018.9,0,0,1,0,0,0,0,2022,4,16
526,0,32,7.2,13.2,1019.1,0,0,1,0,0,0,0,2022,4,17
527,0,32,7.0,6.1,1015.2,0,0,1,0,0,0,0,2022,4,18
528,0,32,8.0,6.3,1013.5,0,0,1,0,0,0,0,2022,4,19
529,0,32,5.6,4.6,1015.0,0,0,1,0,0,0,0,2022,4,20
530,0,39,16.8,5.2,1021.1,0,0,1,0,0,0,0,2022,5,9
531,0,39,15.9,5.8,1020.8,0,0,1,0,0,0,0,2022,5,10
532,0,39,17.0,4.8,1020.6,0,0,1,0,0,0,0,2022,5,11
533,0,39,19.3,3.8,1019.7,0,0,1,0,0,0,0,2022,5,12
534,0,39,21.2,4.7,1017.0,0,0,1,0,0,0,0,2022,5,13
535,0,39,20.9,9.2,1017.3,0,0,1,0,0,0,0,2022,5,14
536,0,39,19.4,5.5,1019.2,0,0,1,0,0,0,0,2022,5,15
537,0,39,19.6,4.0,1018.7,0,0,1,0,0,0,0,2022,5,16
538,0,39,19.2,5.5,1016.5,0,0,1,0,0,0,0,2022,5,17
539,0,39,16.6,11.0,1021.3,0,0,1,0,0,0,0,2022,5,18
540,0,46,19.6,4.3,1011.5,0,0,1,0,0,0,0,2022,5,23
541,0,46,22.0,7.4,1009.1,0,0,1,0,0,0,0,2022,5,24
542,0,46,22.9,7.6,1012.2,0,0,1,0,0,0,0,2022,5,25
543,0,46,21.8,6.9,1020.4,0,0,1,0,0,0,0,2022,5,26
544,0,46,21.9,5.0,1018.0,0,0,1,0,0,0,0,2022,5,27
545,0,46,18.3,7.3,1013.6,0,0,1,0,0,0,0,2022,5,28
546,0,46,14.7,4.1,1010.8,0,0,1,0,0,0,0,2022,5,29
547,0,46,19.1,6.4,1011.1,0,0,1,0,0,0,0,2022,5,30
548,0,46,18.2,4.9,1016.5,0,0,1,0,0,0,0,2022,5,31
549,0,46,21.7,5.2,1015.5,0,0,1,0,0,0,0,2022,6,1
550,0,53,20.6,5.5,1014.4,0,0,1,0,0,0,0,2022,6,6
551,0,53,21.2,8.8,1012.7,0,0,1,0,0,0,0,2022,6,7
552,0,53,20.2,9.3,1009.2,0,0,1,0,0,0,0,2022,6,8
553,0,53,19.6,8.4,1006.3,0,0,1,0,0,0,0,2022,6,9
554,0,53,19.1,4.8,1009.4,0,0,1,0,0,0,0,2022,6,10
555,0,53,19.0,9.4,1014.2,0,0,1,0,0,0,0,2022,6,11
556,0,53,19.5,10.4,1016.0,0,0,1,0,0,0,0,2022,6,12
557,0,53,21.8,5.5,1015.0,0,0,1,0,0,0,0,2022,6,13
558,0,53,20.0,9.2,1019.0,0,0,1,0,0,0,0,2022,6,14
559,0,53,18.9,5.5,1021.0,0,0,1,0,0,0,0,2022,6,15
560,0,60,22.4,4.1,1012.8,0,0,1,0,0,0,0,2022,6,20
561,0,60,23.6,5.8,1011.5,0,0,1,0,0,0,0,2022,6,21
562,0,60,22.9,4.6,1012.7,0,0,1,0,0,0,0,2022,6,22
563,0,60,21.2,4.8,1013.2,0,0,1,0,0,0,0,2022,6,23
564,0,60,23.5,3.9,1013.7,0,0,1,0,0,0,0,2022,6,24
565,0,60,22.3,5.6,1012.9,0,0,1,0,0,0,0,2022,6,25
566,0,60,22.2,5.5,1015.9,0,0,1,0,0,0,0,2022,6,26
567,0,60,24.2,4.7,1017.1,0,0,1,0,0,0,0,2022,6,27
568,0,60,24.4,4.7,1016.8,0,0,1,0,0,0,0,2022,6,28
569,0,60,25.0,11.0,1013.9,0,0,1,0,0,0,0,2022,6,29
570,3,67,21.1,5.6,1023.6,0,0,1,0,0,0,0,2022,7,18
571,2,67,22.4,4.6,1021.6,0,0,1,0,0,0,0,2022,7,19
572,3,67,24.3,4.8,1020.1,0,0,1,0,0,0,0,2022,7,20
573,3,67,26.0,5.8,1016.8,0,0,1,0,0,0,0,2022,7,21
574,1,67,27.4,6.0,1015.9,0,0,1,0,0,0,0,2022,7,22
575,2,67,27.8,4.3,1015.0,0,0,1,0,0,0,0,2022,7,23
576,2,67,28.3,7.3,1015.3,0,0,1,0,0,0,0,2022,7,24
577,12,67,27.0,5.6,1014.4,0,0,1,0,0,0,0,2022,7,25
578,21,67,27.0,5.0,1010.0,0,0,1,0,0,0,0,2022,7,26
579,38,67,24.3,7.5,1012.6,0,0,1,0,0,0,0,2022,7,27
580,105,74,22.6,8.4,1014.3,0,0,1,0,0,0,0,2022,8,1
581,92,74,23.7,6.5,1015.1,0,0,1,0,0,0,0,2022,8,2
582,65,74,24.7,5.5,1016.0,0,0,1,0,0,0,0,2022,8,3
583,62,74,25.4,5.7,1015.8,0,0,1,0,0,0,0,2022,8,4
584,95,74,26.0,4.0,1013.8,0,0,1,0,0,0,0,2022,8,5
585,87,74,26.2,5.2,1012.5,0,0,1,0,0,0,0,2022,8,6
586,101,74,25.3,8.9,1014.9,0,0,1,0,0,0,0,2022,8,7
587,42,74,25.3,6.7,1015.6,0,0,1,0,0,0,0,2022,8,8
588,40,74,24.2,8.0,1018.4,0,0,1,0,0,0,0,2022,8,9
589,36,74,23.0,7.3,1018.5,0,0,1,0,0,0,0,2022,8,10
590,35,81,22.6,5.1,1008.7,0,0,1,0,0,0,0,2022,8,15
591,38,81,24.0,5.1,1010.2,0,0,1,0,0,0,0,2022,8,16
592,50,81,24.8,5.7,1012.4,0,0,1,0,0,0,0,2022,8,17
593,32,81,25.8,4.2,1012.4,0,0,1,0,0,0,0,2022,8,18
594,42,81,24.6,6.7,1010.6,0,0,1,0,0,0,0,2022,8,19
595,35,81,21.7,5.0,1009.7,0,0,1,0,0,0,0,2022,8,20
596,22,81,20.8,6.0,1009.7,0,0,1,0,0,0,0,2022,8,21
597,45,81,20.4,4.6,1009.5,0,0,1,0,0,0,0,2022,8,22
598,51,81,18.8,5.2,1012.9,0,0,1,0,0,0,0,2022,8,23
599,92,81,20.9,4.4,1015.5,0,0,1,0,0,0,0,2022,8,24
600,115,88,22.0,5.9,1016.7,0,0,1,0,0,0,0,2022,8,29
601,162,88,21.0,5.5,1017.4,0,0,1,0,0,0,0,2022,8,30
602,105,88,22.0,4.0,1014.8,0,0,1,0,0,0,0,2022,8,31
603,169,88,19.5,5.8,1013.2,0,0,1,0,0,0,0,2022,9,1
604,47,88,15.6,6.4,1015.9,0,0,1,0,0,0,0,2022,9,2
605,58,88,18.1,3.3,1017.8,0,0,1,0,0,0,0,2022,9,3
606,69,88,18.2,4.9,1019.8,0,0,1,0,0,0,0,2022,9,4
607,140,88,19.8,4.5,1023.1,0,0,1,0,0,0,0,2022,9,5
608,105,88,20.3,3.6,1020.9,0,0,1,0,0,0,0,2022,9,6
609,84,88,20.2,5.0,1017.7,0,0,1,0,0,0,0,2022,9,7
610,76,95,16.6,7.7,1015.9,0,0,1,0,0,0,0,2022,9,12
611,80,95,17.5,5.0,1014.9,0,0,1,0,0,0,0,2022,9,13
612,57,95,18.2,5.2,1013.0,0,0,1,0,0,0,0,2022,9,14
613,20,95,20.1,4.1,1010.5,0,0,1,0,0,0,0,2022,9,15
614,25,95,21.8,8.4,1007.8,0,0,1,0,0,0,0,2022,9,16
615,22,95,14.4,6.1,1005.0,0,0,1,0,0,0,0,2022,9,17
616,30,95,12.4,8.9,1014.3,0,0,1,0,0,0,0,2022,9,18
617,25,95,9.9,6.2,1016.5,0,0,1,0,0,0,0,2022,9,19
618,18,95,10.9,5.9,1019.5,0,0,1,0,0,0,0,2022,9,20
619,10,95,11.1,7.3,1021.0,0,0,1,0,0,0,0,2022,9,21
620,3,102,15.8,9.8,1010.6,0,0,1,0,0,0,0,2022,9,26
621,5,102,16.3,4.5,1003.1,0,0,1,0,0,0,0,2022,9,27
622,2,102,14.7,4.3,1004.3,0,0,1,0,0,0,0,2022,9,28
623,1,102,18.4,8.4,1005.2,0,0,1,0,0,0,0,2022,9,29
624,2,102,20.0,9.9,1012.3,0,0,1,0,0,0,0,2022,9,30
625,2,102,17.1,6.7,1015.7,0,0,1,0,0,0,0,2022,10,1
626,3,102,16.8,6.0,1018.3,0,0,1,0,0,0,0,2022,10,2
627,3,102,12.8,7.7,1019.0,0,0,1,0,0,0,0,2022,10,3
628,5,102,12.8,7.8,1023.6,0,0,1,0,0,0,0,2022,10,4
629,2,102,11.9,3.6,1029.0,0,0,1,0,0,0,0,2022,10,5
630,2,109,13.7,8.0,1023.3,0,0,1,0,0,0,0,2022,10,10
631,2,109,14.0,3.0,1022.0,0,0,1,0,0,0,0,2022,10,11
632,1,109,14.6,2.6,1023.6,0,0,1,0,0,0,0,2022,10,12
633,2,109,13.6,3.8,1022.3,0,0,1,0,0,0,0,2022,10,13
634,2,109,13.3,5.3,1018.4,0,0,1,0,0,0,0,2022,10,14
635,2,109,11.6,7.9,1019.7,0,0,1,0,0,0,0,2022,10,15
636,1,109,13.0,5.0,1024.9,0,0,1,0,0,0,0,2022,10,16
637,1,109,11.2,4.9,1030.6,0,0,1,0,0,0,0,2022,10,17
638,0,109,10.3,5.1,1029.0,0,0,1,0,0,0,0,2022,10,18
639,2,109,11.5,5.5,1022.9,0,0,1,0,0,0,0,2022,10,19
640,0,5,7.0,5.5,1022.8,0,0,0,0,1,0,0,2022,2,14
641,0,5,9.7,7.7,1020.3,0,0,0,0,1,0,0,2022,2,15
642,0,5,8.4,5.8,1017.0,0,0,0,0,1,0,0,2022,2,16
643,0,5,9.1,6.9,1010.8,0,0,0,0,1,0,0,2022,2,17
644,0,5,8.5,8.7,1017.8,0,0,0,0,1,0,0,2022,2,18
645,0,5,9.7,7.1,1017.2,0,0,0,0,1,0,0,2022,2,19
646,0,5,7.2,9.2,1020.1,0,0,0,0,1,0,0,2022,2,20
647,0,5,9.4,6.9,1011.4,0,0,0,0,1,0,0,2022,2,21
648,0,5,5.4,20.6,1011.4,0,0,0,0,1,0,0,2022,2,22
649,0,5,5.9,14.9,1023.0,0,0,0,0,1,0,0,2022,2,23
650,0,12,3.2,10.1,1024.2,0,0,0,0,1,0,0,2022,2,28
651,0,12,2.1,11.9,1025.7,0,0,0,0,1,0,0,2022,3,1
652,0,12,2.5,11.4,1021.9,0,0,0,0,1,0,0,2022,3,2
653,0,12,4.3,10.9,1017.2,0,0,0,0,1,0,0,2022,3,3
654,0,12,2.8,7.1,1016.0,0,0,0,0,1,0,0,2022,3,4
655,0,12,4.2,14.5,1016.9,0,0,0,0,1,0,0,2022,3,5
656,0,12,2.3,14.0,1015.0,0,0,0,0,1,0,0,2022,3,6
657,0,12,1.3,13.5,1017.4,0,0,0,0,1,0,0,2022,3,7
658,0,12,-0.1,12.1,1019.8,0,0,0,0,1,0,0,2022,3,8
659,0,12,0.6,12.4,1020.8,0,0,0,0,1,0,0,2022,3,9
660,0,19,2.5,4.4,1034.4,0,0,0,0,1,0,0,2022,3,14
661,0,19,5.8,5.3,1033.8,0,0,0,0,1,0,0,2022,3,15
662,0,19,8.2,6.0,1024.6,0,0,0,0,1,0,0,2022,3,16
663,0,19,5.4,8.5,1029.8,0,0,0,0,1,0,0,2022,3,17
664,0,19,4.1,10.2,1037.3,0,0,0,0,1,0,0,2022,3,18
665,0,19,1.6,9.1,1039.4,0,0,0,0,1,0,0,2022,3,19
666,0,19,3.4,11.1,1038.4,0,0,0,0,1,0,0,2022,3,20
667,0,19,3.9,10.1,1036.2,0,0,0,0,1,0,0,2022,3,21
668,0,19,7.4,15.0,1032.1,0,0,0,0,1,0,0,2022,3,22
669,0,19,9.1,10.0,1029.3,0,0,0,0,1,0,0,2022,3,23
670,0,26,11.7,4.8,1025.5,0,0,0,0,1,0,0,2022,3,28
671,0,26,13.9,5.2,1014.9,0,0,0,0,1,0,0,2022,3,29
672,0,26,13.8,7.7,1009.4,0,0,0,0,1,0,0,2022,3,30
673,0,26,15.8,13.4,1001.3,0,0,0,0,1,0,0,2022,3,31
674,0,26,14.9,11.1,996.1,0,0,0,0,1,0,0,2022,4,1
675,0,26,11.7,12.1,1001.8,0,0,0,0,1,0,0,2022,4,2
676,0,26,4.3,13.2,1012.8,0,0,0,0,1,0,0,2022,4,3
677,0,26,5.9,3.8,1020.3,0,0,0,0,1,0,0,2022,4,4
678,0,26,9.2,5.4,1013.6,0,0,0,0,1,0,0,2022,4,5
679,0,26,13.1,6.9,1011.7,0,0,0,0,1,0,0,2022,4,6
680,0,33,7.1,16.2,1020.6,0,0,0,0,1,0,0,2022,4,11
681,0,33,8.4,6.0,1021.9,0,0,0,0,1,0,0,2022,4,12
682,0,33,10.8,8.6,1020.3,0,0,0,0,1,0,0,2022,4,13
683,0,33,11.9,4.4,1021.1,0,0,0,0,1,0,0,2022,4,14
684,0,33,14.8,5.4,1018.6,0,0,0,0,1,0,0,2022,4,15
685,0,33,14.1,16.0,1017.3,0,0,0,0,1,0,0,2022,4,16
686,0,33,5.5,20.3,1017.8,0,0,0,0,1,0,0,2022,4,17
687,0,33,6.4,13.8,1014.4,0,0,0,0,1,0,0,2022,4,18
688,0,33,6.9,5.2,1013.7,0,0,0,0,1,0,0,2022,4,19
689,0,33,3.6,4.0,1015.6,0,0,0,0,1,0,0,2022,4,20
690,0,40,17.3,5.8,1020.3,0,0,0,0,1,0,0,2022,5,9
691,0,40,16.9,8.5,1020.0,0,0,0,0,1,0,0,2022,5,10
692,0,40,17.3,6.4,1020.1,0,0,0,0,1,0,0,2022,5,11
693,0,40,19.2,5.0,1019.9,0,0,0,0,1,0,0,2022,5,12
694,0,40,21.3,5.2,1016.7,0,0,0,0,1,0,0,2022,5,13
695,0,40,20.6,11.3,1015.9,0,0,0,0,1,0,0,2022,5,14
696,0,40,18.7,8.0,1018.5,0,0,0,0,1,0,0,2022,5,15
697,0,40,19.4,6.1,1018.9,0,0,0,0,1,0,0,2022,5,16
698,0,40,20.1,7.5,1015.9,0,0,0,0,1,0,0,2022,5,17
699,0,40,16.7,16.8,1019.3,0,0,0,0,1,0,0,2022,5,18
700,0,47,19.4,5.2,1011.0,0,0,0,0,1,0,0,2022,5,23
701,0,47,22.7,5.3,1009.4,0,0,0,0,1,0,0,2022,5,24
702,0,47,23.9,5.8,1012.8,0,0,0,0,1,0,0,2022,5,25
703,0,47,21.8,12.3,1019.6,0,0,0,0,1,0,0,2022,5,26
704,0,47,22.3,4.1,1018.0,0,0,0,0,1,0,0,2022,5,27
705,0,47,19.1,14.0,1012.1,0,0,0,0,1,0,0,2022,5,28
706,0,47,14.2,10.7,1010.6,0,0,0,0,1,0,0,2022,5,29
707,0,47,19.3,5.3,1011.2,0,0,0,0,1,0,0,2022,5,30
708,0,47,18.3,7.0,1016.2,0,0,0,0,1,0,0,2022,5,31
709,0,47,22.2,6.4,1015.6,0,0,0,0,1,0,0,2022,6,1
710,0,54,21.7,7.8,1014.2,0,0,0,0,1,0,0,2022,6,6
711,0,54,23.1,6.7,1012.8,0,0,0,0,1,0,0,2022,6,7
712,0,54,19.9,7.7,1009.7,0,0,0,0,1,0,0,2022,6,8
713,0,54,20.1,6.0,1007.0,0,0,0,0,1,0,0,2022,6,9
714,0,54,19.8,8.5,1008.3,0,0,0,0,1,0,0,2022,6,10
715,0,54,19.1,17.0,1012.1,0,0,0,0,1,0,0,2022,6,11
716,0,54,19.9,15.2,1014.5,0,0,0,0,1,0,0,2022,6,12
717,0,54,21.1,5.2,1014.8,0,0,0,0,1,0,0,2022,6,13
718,0,54,20.0,11.6,1017.6,0,0,0,0,1,0,0,2022,6,14
719,0,54,19.3,7.0,1020.3,0,0,0,0,1,0,0,2022,6,15
720,0,61,22.6,5.2,1013.1,0,0,0,0,1,0,0,2022,6,20
721,0,61,23.7,6.4,1011.0,0,0,0,0,1,0,0,2022,6,21
722,0,61,23.2,9.3,1012.1,0,0,0,0,1,0,0,2022,6,22
723,0,61,22.2,9.4,1012.4,0,0,0,0,1,0,0,2022,6,23
724,0,61,23.5,5.3,1013.8,0,0,0,0,1,0,0,2022,6,24
725,0,61,23.3,6.1,1012.7,0,0,0,0,1,0,0,2022,6,25
726,0,61,22.7,6.0,1015.7,0,0,0,0,1,0,0,2022,6,26
727,0,61,24.6,5.2,1017.2,0,0,0,0,1,0,0,2022,6,27
728,0,61,24.2,5.6,1016.8,0,0,0,0,1,0,0,2022,6,28
729,0,61,25.3,8.4,1015.2,0,0,0,0,1,0,0,2022,6,29
730,0,68,21.0,6.9,1022.7,0,0,0,0,1,0,0,2022,7,18
731,0,68,22.7,5.6,1020.7,0,0,0,0,1,0,0,2022,7,19
732,3,68,24.1,4.9,1019.3,0,0,0,0,1,0,0,2022,7,20
733,0,68,26.2,8.8,1016.2,0,0,0,0,1,0,0,2022,7,21
734,0,68,27.4,5.6,1015.3,0,0,0,0,1,0,0,2022,7,22
735,0,68,28.4,5.0,1015.1,0,0,0,0,1,0,0,2022,7,23
736,8,68,27.5,11.8,1014.4,0,0,0,0,1,0,0,2022,7,24
737,0,68,26.9,6.4,1013.9,0,0,0,0,1,0,0,2022,7,25
738,0,68,28.1,7.0,1009.7,0,0,0,0,1,0,0,2022,7,26
739,0,68,26.4,17.1,1011.0,0,0,0,0,1,0,0,2022,7,27
740,3,75,21.9,10.3,1013.9,0,0,0,0,1,0,0,2022,8,1
741,8,75,23.6,9.9,1014.2,0,0,0,0,1,0,0,2022,8,2
742,3,75,24.5,7.9,1015.1,0,0,0,0,1,0,0,2022,8,3
743,0,75,25.8,5.4,1015.3,0,0,0,0,1,0,0,2022,8,4
744,3,75,26.0,4.8,1014.0,0,0,0,0,1,0,0,2022,8,5
745,8,75,26.6,6.4,1011.8,0,0,0,0,1,0,0,2022,8,6
746,5,75,26.5,15.4,1013.1,0,0,0,0,1,0,0,2022,8,7
747,5,75,27.4,7.1,1014.7,0,0,0,0,1,0,0,2022,8,8
748,18,75,24.2,11.4,1016.6,0,0,0,0,1,0,0,2022,8,9
749,3,75,21.9,14.1,1017.6,0,0,0,0,1,0,0,2022,8,10
750,5,82,23.3,4.7,1008.6,0,0,0,0,1,0,0,2022,8,15
751,3,82,22.9,6.4,1010.8,0,0,0,0,1,0,0,2022,8,16
752,21,82,24.2,6.5,1012.5,0,0,0,0,1,0,0,2022,8,17
753,30,82,25.8,5.8,1012.6,0,0,0,0,1,0,0,2022,8,18
754,130,82,27.1,6.4,1010.6,0,0,0,0,1,0,0,2022,8,19
755,26,82,21.9,6.2,1009.6,0,0,0,0,1,0,0,2022,8,20
756,25,82,20.8,10.9,1008.9,0,0,0,0,1,0,0,2022,8,21
757,4,82,21.8,6.3,1008.7,0,0,0,0,1,0,0,2022,8,22
758,8,82,20.8,12.8,1011.5,0,0,0,0,1,0,0,2022,8,23
759,36,82,21.8,14.9,1014.3,0,0,0,0,1,0,0,2022,8,24
760,8,89,22.8,8.3,1015.8,0,0,0,0,1,0,0,2022,8,29
761,7,89,21.9,7.8,1016.7,0,0,0,0,1,0,0,2022,8,30
762,13,89,22.2,7.3,1014.5,0,0,0,0,1,0,0,2022,8,31
763,33,89,21.4,11.1,1012.1,0,0,0,0,1,0,0,2022,9,1
764,10,89,16.1,12.3,1015.0,0,0,0,0,1,0,0,2022,9,2
765,5,89,17.8,5.2,1017.7,0,0,0,0,1,0,0,2022,9,3
766,26,89,19.1,6.1,1019.6,0,0,0,0,1,0,0,2022,9,4
767,5,89,19.9,7.9,1022.3,0,0,0,0,1,0,0,2022,9,5
768,18,89,19.7,4.4,1020.7,0,0,0,0,1,0,0,2022,9,6
769,6,89,20.7,4.5,1018.3,0,0,0,0,1,0,0,2022,9,7
770,67,96,16.0,6.5,1015.3,0,0,0,0,1,0,0,2022,9,12
771,52,96,16.7,6.1,1014.9,0,0,0,0,1,0,0,2022,9,13
772,13,96,19.5,5.1,1014.1,0,0,0,0,1,0,0,2022,9,14
773,16,96,23.3,5.1,1011.1,0,0,0,0,1,0,0,2022,9,15
774,13,96,21.4,7.9,1008.5,0,0,0,0,1,0,0,2022,9,16
775,5,96,16.3,11.1,1003.9,0,0,0,0,1,0,0,2022,9,17
776,16,96,12.1,9.8,1013.8,0,0,0,0,1,0,0,2022,9,18
777,16,96,11.7,10.1,1016.4,0,0,0,0,1,0,0,2022,9,19
778,5,96,11.5,6.0,1018.9,0,0,0,0,1,0,0,2022,9,20
779,8,96,10.2,8.6,1020.0,0,0,0,0,1,0,0,2022,9,21
780,3,103,15.4,4.8,1012.1,0,0,0,0,1,0,0,2022,9,26
781,3,103,17.5,5.7,1003.5,0,0,0,0,1,0,0,2022,9,27
782,4,103,16.8,6.4,1005.0,0,0,0,0,1,0,0,2022,9,28
783,2,103,15.7,5.1,1007.5,0,0,0,0,1,0,0,2022,9,29
784,2,103,19.3,7.3,1013.3,0,0,0,0,1,0,0,2022,9,30
785,0,103,16.9,5.3,1017.0,0,0,0,0,1,0,0,2022,10,1
786,10,103,16.6,9.0,1018.0,0,0,0,0,1,0,0,2022,10,2
787,5,103,12.3,6.5,1018.2,0,0,0,0,1,0,0,2022,10,3
788,0,103,12.4,6.7,1022.7,0,0,0,0,1,0,0,2022,10,4
789,2,103,11.9,4.9,1028.6,0,0,0,0,1,0,0,2022,10,5
790,10,110,14.0,2.9,1023.5,0,0,0,0,1,0,0,2022,10,10
791,3,110,15.2,5.7,1021.5,0,0,0,0,1,0,0,2022,10,11
792,0,110,15.1,4.8,1023.0,0,0,0,0,1,0,0,2022,10,12
793,3,110,14.6,3.5,1021.9,0,0,0,0,1,0,0,2022,10,13
794,0,110,15.2,7.3,1018.0,0,0,0,0,1,0,0,2022,10,14
795,0,110,11.9,4.6,1019.6,0,0,0,0,1,0,0,2022,10,15
796,11,110,12.1,3.4,1024.8,0,0,0,0,1,0,0,2022,10,16
797,3,110,12.9,3.4,1031.1,0,0,0,0,1,0,0,2022,10,17
798,3,110,10.4,3.2,1029.2,0,0,0,0,1,0,0,2022,10,18
799,0,110,10.9,6.0,1022.4,0,0,0,0,1,0,0,2022,10,19
800,0,6,6.6,19.7,1023.1,0,0,0,0,0,1,0,2022,2,14
801,0,6,8.8,16.8,1019.1,0,0,0,0,0,1,0,2022,2,15
802,0,6,8.2,7.8,1017.1,0,0,0,0,0,1,0,2022,2,16
803,0,6,6.8,4.5,1009.6,0,0,0,0,0,1,0,2022,2,17
804,0,6,8.8,10.7,1016.3,0,0,0,0,0,1,0,2022,2,18
805,0,6,10.1,7.5,1016.3,0,0,0,0,0,1,0,2022,2,19
806,0,6,7.6,4.7,1020.0,0,0,0,0,0,1,0,2022,2,20
807,0,6,8.7,7.8,1011.0,0,0,0,0,0,1,0,2022,2,21
808,0,6,6.9,12.3,1011.4,0,0,0,0,0,1,0,2022,2,22
809,0,6,3.5,6.6,1023.6,0,0,0,0,0,1,0,2022,2,23
810,0,13,3.6,8.0,1025.8,0,0,0,0,0,1,0,2022,2,28
811,0,13,2.7,5.1,1027.2,0,0,0,0,0,1,0,2022,3,1
812,0,13,2.4,6.3,1022.5,0,0,0,0,0,1,0,2022,3,2
813,0,13,3.7,7.1,1017.2,0,0,0,0,0,1,0,2022,3,3
814,0,13,2.3,6.8,1016.0,0,0,0,0,0,1,0,2022,3,4
815,0,13,2.2,5.7,1018.7,0,0,0,0,0,1,0,2022,3,5
816,0,13,3.4,12.0,1018.1,0,0,0,0,0,1,0,2022,3,6
817,0,13,2.0,7.2,1018.3,0,0,0,0,0,1,0,2022,3,7
818,0,13,-0.3,8.4,1019.9,0,0,0,0,0,1,0,2022,3,8
819,0,13,0.2,9.6,1021.1,0,0,0,0,0,1,0,2022,3,9
820,0,20,5.5,9.8,1034.1,0,0,0,0,0,1,0,2022,3,14
821,0,20,5.7,5.1,1033.9,0,0,0,0,0,1,0,2022,3,15
822,0,20,6.7,5.3,1024.2,0,0,0,0,0,1,0,2022,3,16
823,0,20,5.0,9.0,1031.1,0,0,0,0,0,1,0,2022,3,17
824,0,20,4.8,14.9,1039.1,0,0,0,0,0,1,0,2022,3,18
825,0,20,3.2,9.6,1040.2,0,0,0,0,0,1,0,2022,3,19
826,0,20,4.9,11.9,1041.1,0,0,0,0,0,1,0,2022,3,20
827,0,20,4.6,6.9,1037.6,0,0,0,0,0,1,0,2022,3,21
828,0,20,7.3,7.7,1033.5,0,0,0,0,0,1,0,2022,3,22
829,0,20,10.7,9.0,1030.5,0,0,0,0,0,1,0,2022,3,23
830,0,27,11.0,7.8,1026.0,0,0,0,0,0,1,0,2022,3,28
831,0,27,12.7,5.3,1014.1,0,0,0,0,0,1,0,2022,3,29
832,0,27,12.6,5.3,1008.0,0,0,0,0,0,1,0,2022,3,30
833,0,27,14.4,15.3,999.5,0,0,0,0,0,1,0,2022,3,31
834,0,27,14.6,9.8,995.0,0,0,0,0,0,1,0,2022,4,1
835,0,27,10.6,7.6,1000.5,0,0,0,0,0,1,0,2022,4,2
836,0,27,4.2,13.2,1012.3,0,0,0,0,0,1,0,2022,4,3
837,0,27,5.8,7.8,1020.7,0,0,0,0,0,1,0,2022,4,4
838,0,27,8.1,6.0,1013.4,0,0,0,0,0,1,0,2022,4,5
839,0,27,13.1,7.2,1011.1,0,0,0,0,0,1,0,2022,4,6
840,0,34,7.4,12.0,1020.5,0,0,0,0,0,1,0,2022,4,11
841,0,34,8.8,8.4,1022.0,0,0,0,0,0,1,0,2022,4,12
842,0,34,9.9,7.4,1021.1,0,0,0,0,0,1,0,2022,4,13
843,0,34,11.6,6.2,1021.3,0,0,0,0,0,1,0,2022,4,14
844,0,34,14.9,6.3,1018.5,0,0,0,0,0,1,0,2022,4,15
845,0,34,12.0,10.4,1017.9,0,0,0,0,0,1,0,2022,4,16
846,0,34,6.8,7.8,1018.8,0,0,0,0,0,1,0,2022,4,17
847,0,34,7.6,8.4,1015.2,0,0,0,0,0,1,0,2022,4,18
848,0,34,7.4,6.8,1013.5,0,0,0,0,0,1,0,2022,4,19
849,0,34,7.8,6.5,1014.6,0,0,0,0,0,1,0,2022,4,20
850,0,41,17.4,7.5,1021.6,0,0,0,0,0,1,0,2022,5,9
851,0,41,15.8,6.2,1021.0,0,0,0,0,0,1,0,2022,5,10
852,0,41,17.5,6.3,1020.2,0,0,0,0,0,1,0,2022,5,11
853,0,41,19.6,5.7,1019.6,0,0,0,0,0,1,0,2022,5,12
854,0,41,21.1,5.4,1016.8,0,0,0,0,0,1,0,2022,5,13
855,0,41,20.9,9.2,1016.0,0,0,0,0,0,1,0,2022,5,14
856,0,41,19.3,5.6,1018.6,0,0,0,0,0,1,0,2022,5,15
857,0,41,19.7,6.3,1018.6,0,0,0,0,0,1,0,2022,5,16
858,0,41,21.0,6.5,1015.5,0,0,0,0,0,1,0,2022,5,17
859,0,41,18.1,17.7,1019.4,0,0,0,0,0,1,0,2022,5,18
860,0,48,18.2,7.4,1011.1,0,0,0,0,0,1,0,2022,5,23
861,0,48,19.2,12.5,1010.3,0,0,0,0,0,1,0,2022,5,24
862,0,48,23.2,15.3,1012.8,0,0,0,0,0,1,0,2022,5,25
863,0,48,22.1,11.8,1019.7,0,0,0,0,0,1,0,2022,5,26
864,0,48,22.0,6.2,1018.7,0,0,0,0,0,1,0,2022,5,27
865,0,48,18.4,10.7,1012.9,0,0,0,0,0,1,0,2022,5,28
866,0,48,13.8,5.7,1011.2,0,0,0,0,0,1,0,2022,5,29
867,0,48,18.5,4.8,1011.4,0,0,0,0,0,1,0,2022,5,30
868,0,48,19.4,5.3,1016.5,0,0,0,0,0,1,0,2022,5,31
869,0,48,22.6,8.1,1015.6,0,0,0,0,0,1,0,2022,6,1
870,0,55,23.6,9.3,1014.1,0,0,0,0,0,1,0,2022,6,6
871,0,55,24.3,11.1,1013.4,0,0,0,0,0,1,0,2022,6,7
872,0,55,23.7,14.3,1009.3,0,0,0,0,0,1,0,2022,6,8
873,0,55,22.2,12.6,1006.7,0,0,0,0,0,1,0,2022,6,9
874,0,55,21.9,6.3,1009.3,0,0,0,0,0,1,0,2022,6,10
875,0,55,19.9,5.4,1013.3,0,0,0,0,0,1,0,2022,6,11
876,0,55,20.6,5.3,1014.7,0,0,0,0,0,1,0,2022,6,12
877,0,55,22.0,7.1,1014.6,0,0,0,0,0,1,0,2022,6,13
878,0,55,20.9,11.3,1017.5,0,0,0,0,0,1,0,2022,6,14
879,0,55,19.3,7.1,1020.6,0,0,0,0,0,1,0,2022,6,15
880,0,62,24.8,6.5,1012.7,0,0,0,0,0,1,0,2022,6,20
881,0,62,24.3,10.2,1010.4,0,0,0,0,0,1,0,2022,6,21
882,0,62,23.3,8.7,1012.3,0,0,0,0,0,1,0,2022,6,22
883,0,62,20.3,7.2,1013.3,0,0,0,0,0,1,0,2022,6,23
884,0,62,22.6,6.8,1014.2,0,0,0,0,0,1,0,2022,6,24
885,0,62,23.0,6.3,1012.3,0,0,0,0,0,1,0,2022,6,25
886,0,62,21.8,9.0,1015.8,0,0,0,0,0,1,0,2022,6,26
887,0,62,24.4,6.8,1017.2,0,0,0,0,0,1,0,2022,6,27
888,0,62,25.4,7.4,1016.5,0,0,0,0,0,1,0,2022,6,28
889,0,62,26.5,10.1,1014.9,0,0,0,0,0,1,0,2022,6,29
890,1,69,21.6,6.5,1023.5,0,0,0,0,0,1,0,2022,7,18
891,0,69,23.9,6.3,1021.4,0,0,0,0,0,1,0,2022,7,19
892,0,69,25.1,6.8,1019.8,0,0,0,0,0,1,0,2022,7,20
893,1,69,26.6,8.4,1016.1,0,0,0,0,0,1,0,2022,7,21
894,0,69,27.6,6.6,1015.4,0,0,0,0,0,1,0,2022,7,22
895,1,69,28.8,6.0,1014.7,0,0,0,0,0,1,0,2022,7,23
896,2,69,27.4,8.9,1014.6,0,0,0,0,0,1,0,2022,7,24
897,1,69,27.0,7.7,1014.4,0,0,0,0,0,1,0,2022,7,25
898,4,69,27.6,8.1,1009.7,0,0,0,0,0,1,0,2022,7,26
899,4,69,26.7,9.8,1011.7,0,0,0,0,0,1,0,2022,7,27
900,3,76,22.4,8.4,1013.8,0,0,0,0,0,1,0,2022,8,1
901,3,76,23.6,9.3,1014.7,0,0,0,0,0,1,0,2022,8,2
902,3,76,25.0,6.6,1015.6,0,0,0,0,0,1,0,2022,8,3
903,9,76,25.7,7.7,1015.6,0,0,0,0,0,1,0,2022,8,4
904,11,76,25.8,5.4,1014.3,0,0,0,0,0,1,0,2022,8,5
905,14,76,26.8,6.2,1012.0,0,0,0,0,0,1,0,2022,8,6
906,46,76,26.1,6.8,1013.9,0,0,0,0,0,1,0,2022,8,7
907,14,76,28.2,7.5,1015.8,0,0,0,0,0,1,0,2022,8,8
908,19,76,24.7,5.7,1018.2,0,0,0,0,0,1,0,2022,8,9
909,36,76,23.7,7.2,1017.9,0,0,0,0,0,1,0,2022,8,10
910,60,83,23.6,7.4,1007.8,0,0,0,0,0,1,0,2022,8,15
911,75,83,25.7,8.0,1009.2,0,0,0,0,0,1,0,2022,8,16
912,96,83,26.1,7.8,1011.3,0,0,0,0,0,1,0,2022,8,17
913,93,83,27.7,6.3,1011.8,0,0,0,0,0,1,0,2022,8,18
914,191,83,29.1,7.2,1010.0,0,0,0,0,0,1,0,2022,8,19
915,190,83,26.3,7.2,1009.2,0,0,0,0,0,1,0,2022,8,20
916,49,83,20.8,4.2,1009.0,0,0,0,0,0,1,0,2022,8,21
917,56,83,21.0,6.6,1009.2,0,0,0,0,0,1,0,2022,8,22
918,38,83,20.4,4.4,1012.1,0,0,0,0,0,1,0,2022,8,23
919,76,83,22.4,5.3,1015.2,0,0,0,0,0,1,0,2022,8,24
920,212,90,22.3,5.0,1016.2,0,0,0,0,0,1,0,2022,8,29
921,191,90,20.6,3.3,1017.4,0,0,0,0,0,1,0,2022,8,30
922,226,90,22.7,5.1,1014.8,0,0,0,0,0,1,0,2022,8,31
923,101,90,20.9,8.1,1013.0,0,0,0,0,0,1,0,2022,9,1
924,27,90,16.0,5.7,1015.5,0,0,0,0,0,1,0,2022,9,2
925,253,90,17.6,5.6,1018.0,0,0,0,0,0,1,0,2022,9,3
926,253,90,18.9,8.7,1020.5,0,0,0,0,0,1,0,2022,9,4
927,261,90,20.6,6.2,1023.4,0,0,0,0,0,1,0,2022,9,5
928,237,90,21.4,6.0,1021.0,0,0,0,0,0,1,0,2022,9,6
929,370,90,23.1,11.4,1018.0,0,0,0,0,0,1,0,2022,9,7
930,184,97,16.2,6.8,1014.8,0,0,0,0,0,1,0,2022,9,12
931,114,97,16.3,8.9,1014.5,0,0,0,0,0,1,0,2022,9,13
932,110,97,19.8,6.7,1012.5,0,0,0,0,0,1,0,2022,9,14
933,112,97,22.7,6.0,1009.2,0,0,0,0,0,1,0,2022,9,15
934,133,97,19.9,6.0,1008.0,0,0,0,0,0,1,0,2022,9,16
935,14,97,15.3,7.1,1004.4,0,0,0,0,0,1,0,2022,9,17
936,72,97,12.9,15.5,1012.2,0,0,0,0,0,1,0,2022,9,18
937,21,97,11.7,8.0,1015.3,0,0,0,0,0,1,0,2022,9,19
938,15,97,11.6,5.1,1018.5,0,0,0,0,0,1,0,2022,9,20
939,13,97,10.3,6.0,1020.2,0,0,0,0,0,1,0,2022,9,21
940,20,104,17.8,8.3,1010.3,0,0,0,0,0,1,0,2022,9,26
941,3,104,16.8,7.7,1003.1,0,0,0,0,0,1,0,2022,9,27
942,7,104,15.6,5.1,1004.5,0,0,0,0,0,1,0,2022,9,28
943,5,104,19.0,8.9,1005.0,0,0,0,0,0,1,0,2022,9,29
944,5,104,20.9,10.7,1011.7,0,0,0,0,0,1,0,2022,9,30
945,10,104,19.6,7.1,1015.7,0,0,0,0,0,1,0,2022,10,1
946,11,104,16.5,11.6,1017.4,0,0,0,0,0,1,0,2022,10,2
947,10,104,13.8,11.1,1017.4,0,0,0,0,0,1,0,2022,10,3
948,3,104,12.1,5.9,1022.4,0,0,0,0,0,1,0,2022,10,4
949,3,104,12.5,5.3,1028.9,0,0,0,0,0,1,0,2022,10,5
950,7,111,14.3,9.5,1023.8,0,0,0,0,0,1,0,2022,10,10
951,3,111,16.3,10.4,1022.1,0,0,0,0,0,1,0,2022,10,11
952,2,111,15.1,3.6,1023.8,0,0,0,0,0,1,0,2022,10,12
953,5,111,15.7,6.9,1022.7,0,0,0,0,0,1,0,2022,10,13
954,4,111,15.4,9.9,1019.5,0,0,0,0,0,1,0,2022,10,14
955,8,111,15.4,10.8,1020.5,0,0,0,0,0,1,0,2022,10,15
956,2,111,15.9,11.7,1024.9,0,0,0,0,0,1,0,2022,10,16
957,4,111,15.4,12.0,1031.6,0,0,0,0,0,1,0,2022,10,17
958,1,111,15.4,12.5,1029.3,0,0,0,0,0,1,0,2022,10,18
959,3,111,11.2,4.5,1022.4,0,0,0,0,0,1,0,2022,10,19
960,0,7,4.4,14.3,1020.7,0,0,0,0,0,0,1,2022,2,14
961,0,7,8.6,16.0,1016.1,0,0,0,0,0,0,1,2022,2,15
962,0,7,7.3,11.2,1015.2,0,0,0,0,0,0,1,2022,2,16
963,0,7,8.9,21.5,1006.8,0,0,0,0,0,0,1,2022,2,17
964,0,7,8.8,19.6,1014.7,0,0,0,0,0,0,1,2022,2,18
965,0,7,7.6,14.2,1016.4,0,0,0,0,0,0,1,2022,2,19
966,0,7,6.9,12.6,1019.6,0,0,0,0,0,0,1,2022,2,20
967,0,7,5.7,14.5,1009.1,0,0,0,0,0,0,1,2022,2,21
968,0,7,5.5,18.2,1013.1,0,0,0,0,0,0,1,2022,2,22
969,0,7,5.3,17.8,1023.2,0,0,0,0,0,0,1,2022,2,23
970,0,14,1.9,18.1,1026.9,0,0,0,0,0,0,1,2022,2,28
971,0,14,2.8,17.5,1028.4,0,0,0,0,0,0,1,2022,3,1
972,0,14,2.2,13.4,1022.6,0,0,0,0,0,0,1,2022,3,2
973,0,14,2.8,5.5,1017.0,0,0,0,0,0,0,1,2022,3,3
974,0,14,3.3,12.5,1016.7,0,0,0,0,0,0,1,2022,3,4
975,0,14,1.9,15.1,1019.6,0,0,0,0,0,0,1,2022,3,5
976,0,14,2.7,14.5,1018.8,0,0,0,0,0,0,1,2022,3,6
977,0,14,1.4,13.8,1019.3,0,0,0,0,0,0,1,2022,3,7
978,0,14,1.8,15.6,1021.0,0,0,0,0,0,0,1,2022,3,8
979,0,14,2.3,11.6,1022.2,0,0,0,0,0,0,1,2022,3,9
980,0,21,3.9,12.1,1033.5,0,0,0,0,0,0,1,2022,3,14
981,1,21,7.0,10.9,1032.5,0,0,0,0,0,0,1,2022,3,15
982,0,21,7.9,18.2,1022.8,0,0,0,0,0,0,1,2022,3,16
983,0,21,5.2,8.8,1030.7,0,0,0,0,0,0,1,2022,3,17
984,0,21,4.0,7.6,1039.4,0,0,0,0,0,0,1,2022,3,18
985,1,21,3.7,8.0,1039.3,0,0,0,0,0,0,1,2022,3,19
986,1,21,2.9,13.3,1042.0,0,0,0,0,0,0,1,2022,3,20
987,0,21,4.0,9.1,1038.4,0,0,0,0,0,0,1,2022,3,21
988,0,21,8.4,13.7,1034.7,0,0,0,0,0,0,1,2022,3,22
989,0,21,9.9,6.6,1030.5,0,0,0,0,0,0,1,2022,3,23
990,0,28,10.3,7.0,1024.9,0,0,0,0,0,0,1,2022,3,28
991,0,28,12.8,12.7,1011.6,0,0,0,0,0,0,1,2022,3,29
992,0,28,12.4,14.8,1005.6,0,0,0,0,0,0,1,2022,3,30
993,0,28,12.5,16.9,996.3,0,0,0,0,0,0,1,2022,3,31
994,0,28,12.2,18.3,993.2,0,0,0,0,0,0,1,2022,4,1
995,0,28,4.1,13.7,1001.4,0,0,0,0,0,0,1,2022,4,2
996,0,28,3.0,13.0,1012.3,0,0,0,0,0,0,1,2022,4,3
997,0,28,3.4,12.3,1019.8,0,0,0,0,0,0,1,2022,4,4
998,0,28,8.0,13.5,1011.2,0,0,0,0,0,0,1,2022,4,5
999,0,28,13.6,10.6,1009.8,0,0,0,0,0,0,1,2022,4,6
1000,0,35,6.3,15.2,1021.4,0,0,0,0,0,0,1,2022,4,11
1001,0,35,8.8,7.3,1021.4,0,0,0,0,0,0,1,2022,4,12
1002,0,35,9.7,9.2,1022.2,0,0,0,0,0,0,1,2022,4,13
1003,0,35,11.4,7.4,1021.4,0,0,0,0,0,0,1,2022,4,14
1004,0,35,13.3,9.6,1018.7,0,0,0,0,0,0,1,2022,4,15
1005,0,35,10.7,21.6,1019.8,0,0,0,0,0,0,1,2022,4,16
1006,0,35,8.2,32.7,1021.8,0,0,0,0,0,0,1,2022,4,17
1007,0,35,5.7,15.5,1016.6,0,0,0,0,0,0,1,2022,4,18
1008,0,35,5.1,11.3,1013.1,0,0,0,0,0,0,1,2022,4,19
1009,0,35,7.1,7.4,1014.1,0,0,0,0,0,0,1,2022,4,20
1010,0,42,18.1,10.2,1022.0,0,0,0,0,0,0,1,2022,5,9
1011,0,42,17.4,9.3,1020.9,0,0,0,0,0,0,1,2022,5,10
1012,0,42,19.3,7.2,1019.1,0,0,0,0,0,0,1,2022,5,11
1013,0,42,22.2,11.4,1017.8,0,0,0,0,0,0,1,2022,5,12
1014,0,42,22.4,11.7,1016.5,0,0,0,0,0,0,1,2022,5,13
1015,0,42,20.4,14.0,1017.3,0,0,0,0,0,0,1,2022,5,14
1016,0,42,19.2,12.0,1018.4,0,0,0,0,0,0,1,2022,5,15
1017,0,42,21.2,5.0,1017.9,0,0,0,0,0,0,1,2022,5,16
1018,0,42,20.2,12.2,1015.3,0,0,0,0,0,0,1,2022,5,17
1019,0,42,16.6,21.0,1023.5,0,0,0,0,0,0,1,2022,5,18
1020,0,49,18.2,10.2,1011.6,0,0,0,0,0,0,1,2022,5,23
1021,0,49,17.4,12.3,1009.9,0,0,0,0,0,0,1,2022,5,24
1022,0,49,21.9,11.9,1012.2,0,0,0,0,0,0,1,2022,5,25
1023,0,49,20.2,11.0,1020.6,0,0,0,0,0,0,1,2022,5,26
1024,0,49,21.3,6.9,1017.9,0,0,0,0,0,0,1,2022,5,27
1025,0,49,15.1,11.6,1014.9,0,0,0,0,0,0,1,2022,5,28
1026,0,49,13.7,15.3,1012.0,0,0,0,0,0,0,1,2022,5,29
1027,0,49,13.8,5.6,1012.8,0,0,0,0,0,0,1,2022,5,30
1028,0,49,16.7,5.9,1017.1,0,0,0,0,0,0,1,2022,5,31
1029,0,49,20.4,6.0,1015.5,0,0,0,0,0,0,1,2022,6,1
1030,0,56,22.1,14.1,1015.0,0,0,0,0,0,0,1,2022,6,6
1031,0,56,23.6,6.9,1012.3,0,0,0,0,0,0,1,2022,6,7
1032,0,56,22.5,15.0,1008.6,0,0,0,0,0,0,1,2022,6,8
1033,0,56,21.9,10.8,1006.6,0,0,0,0,0,0,1,2022,6,9
1034,0,56,21.6,15.8,1011.1,0,0,0,0,0,0,1,2022,6,10
1035,0,56,22.5,20.4,1015.5,0,0,0,0,0,0,1,2022,6,11
1036,0,56,23.3,18.2,1016.6,0,0,0,0,0,0,1,2022,6,12
1037,0,56,24.0,9.6,1014.7,0,0,0,0,0,0,1,2022,6,13
1038,1,56,19.6,14.9,1019.2,0,0,0,0,0,0,1,2022,6,14
1039,0,56,20.0,7.7,1020.1,0,0,0,0,0,0,1,2022,6,15
1040,0,63,26.3,11.8,1011.1,0,0,0,0,0,0,1,2022,6,20
1041,0,63,23.9,17.3,1010.7,0,0,0,0,0,0,1,2022,6,21
1042,0,63,22.9,9.8,1012.7,0,0,0,0,0,0,1,2022,6,22
1043,0,63,21.8,7.2,1013.2,0,0,0,0,0,0,1,2022,6,23
1044,0,63,23.6,6.0,1013.6,0,0,0,0,0,0,1,2022,6,24
1045,0,63,22.6,8.6,1012.0,0,0,0,0,0,0,1,2022,6,25
1046,0,63,23.9,6.5,1015.0,0,0,0,0,0,0,1,2022,6,26
1047,0,63,26.2,7.5,1016.6,0,0,0,0,0,0,1,2022,6,27
1048,0,63,27.6,7.4,1016.4,0,0,0,0,0,0,1,2022,6,28
1049,1,63,28.3,15.2,1013.4,0,0,0,0,0,0,1,2022,6,29
1050,1,70,22.4,4.8,1023.9,0,0,0,0,0,0,1,2022,7,18
1051,1,70,24.5,6.6,1021.4,0,0,0,0,0,0,1,2022,7,19
1052,1,70,26.9,5.0,1019.5,0,0,0,0,0,0,1,2022,7,20
1053,1,70,28.1,8.1,1016.4,0,0,0,0,0,0,1,2022,7,21
1054,1,70,28.3,6.6,1015.7,0,0,0,0,0,0,1,2022,7,22
1055,2,70,30.3,8.1,1013.8,0,0,0,0,0,0,1,2022,7,23
1056,1,70,26.5,14.7,1015.5,0,0,0,0,0,0,1,2022,7,24
1057,1,70,26.4,9.3,1014.6,0,0,0,0,0,0,1,2022,7,25
1058,1,70,25.9,10.7,1010.3,0,0,0,0,0,0,1,2022,7,26
1059,0,70,24.9,12.9,1013.0,0,0,0,0,0,0,1,2022,7,27
1060,1,77,22.6,10.3,1013.7,0,0,0,0,0,0,1,2022,8,1
1061,3,77,24.1,7.3,1015.5,0,0,0,0,0,0,1,2022,8,2
1062,0,77,26.6,8.1,1016.1,0,0,0,0,0,0,1,2022,8,3
1063,9,77,27.4,8.3,1016.1,0,0,0,0,0,0,1,2022,8,4
1064,9,77,27.7,6.9,1014.2,0,0,0,0,0,0,1,2022,8,5
1065,10,77,29.1,10.3,1012.6,0,0,0,0,0,0,1,2022,8,6
1066,9,77,25.6,22.4,1016.0,0,0,0,0,0,0,1,2022,8,7
1067,7,77,26.1,16.1,1017.5,0,0,0,0,0,0,1,2022,8,8
1068,1,77,23.2,13.2,1019.7,0,0,0,0,0,0,1,2022,8,9
1069,14,77,23.6,18.3,1019.9,0,0,0,0,0,0,1,2022,8,10
1070,41,84,25.0,7.1,1006.7,0,0,0,0,0,0,1,2022,8,15
1071,53,84,25.1,10.0,1007.9,0,0,0,0,0,0,1,2022,8,16
1072,59,84,27.4,8.0,1010.2,0,0,0,0,0,0,1,2022,8,17
1073,88,84,28.2,6.3,1010.7,0,0,0,0,0,0,1,2022,8,18
1074,127,84,30.0,12.2,1009.7,0,0,0,0,0,0,1,2022,8,19
1075,24,84,22.9,12.0,1010.3,0,0,0,0,0,0,1,2022,8,20
1076,16,84,20.0,9.8,1009.4,0,0,0,0,0,0,1,2022,8,21
1077,87,84,19.6,7.4,1009.1,0,0,0,0,0,0,1,2022,8,22
1078,52,84,20.7,7.4,1013.0,0,0,0,0,0,0,1,2022,8,23
1079,47,84,21.6,5.9,1015.4,0,0,0,0,0,0,1,2022,8,24
1080,146,91,23.4,9.0,1015.7,0,0,0,0,0,0,1,2022,8,29
1081,243,91,23.0,8.5,1016.8,0,0,0,0,0,0,1,2022,8,30
1082,264,91,23.9,11.1,1014.9,0,0,0,0,0,0,1,2022,8,31
1083,258,91,17.9,15.5,1014.7,0,0,0,0,0,0,1,2022,9,1
1084,66,91,15.6,13.8,1016.1,0,0,0,0,0,0,1,2022,9,2
1085,94,91,18.1,6.2,1017.9,0,0,0,0,0,0,1,2022,9,3
1086,181,91,19.4,6.3,1020.5,0,0,0,0,0,0,1,2022,9,4
1087,210,91,20.9,5.1,1023.1,0,0,0,0,0,0,1,2022,9,5
1088,318,91,21.3,5.7,1020.3,0,0,0,0,0,0,1,2022,9,6
1089,292,91,22.7,9.5,1016.8,0,0,0,0,0,0,1,2022,9,7
1090,122,98,16.7,14.1,1014.6,0,0,0,0,0,0,1,2022,9,12
1091,149,98,16.4,8.0,1014.4,0,0,0,0,0,0,1,2022,9,13
1092,222,98,21.1,14.4,1010.0,0,0,0,0,0,0,1,2022,9,14
1093,167,98,21.9,15.0,1006.7,0,0,0,0,0,0,1,2022,9,15
1094,32,98,17.0,11.1,1008.4,0,0,0,0,0,0,1,2022,9,16
1095,10,98,13.1,14.5,1006.4,0,0,0,0,0,0,1,2022,9,17
1096,30,98,12.4,18.9,1011.8,0,0,0,0,0,0,1,2022,9,18
1097,9,98,10.6,9.3,1015.0,0,0,0,0,0,0,1,2022,9,19
1098,1,98,12.2,14.5,1017.7,0,0,0,0,0,0,1,2022,9,20
1099,5,98,11.6,10.1,1020.7,0,0,0,0,0,0,1,2022,9,21
1100,6,105,15.7,8.3,1008.4,0,0,0,0,0,0,1,2022,9,26
1101,27,105,14.7,8.4,1002.3,0,0,0,0,0,0,1,2022,9,27
1102,13,105,14.6,8.7,1004.3,0,0,0,0,0,0,1,2022,9,28
1103,7,105,16.1,9.8,1003.6,0,0,0,0,0,0,1,2022,9,29
1104,9,105,17.6,12.8,1011.1,0,0,0,0,0,0,1,2022,9,30
1105,6,105,16.8,8.8,1013.9,0,0,0,0,0,0,1,2022,10,1
1106,4,105,15.0,13.2,1017.6,0,0,0,0,0,0,1,2022,10,2
1107,18,105,13.5,21.9,1017.7,0,0,0,0,0,0,1,2022,10,3
1108,2,105,12.1,15.2,1021.9,0,0,0,0,0,0,1,2022,10,4
1109,6,105,11.4,7.0,1028.7,0,0,0,0,0,0,1,2022,10,5
1110,6,112,13.2,10.9,1024.1,0,0,0,0,0,0,1,2022,10,10
1111,2,112,15.5,6.8,1022.4,0,0,0,0,0,0,1,2022,10,11
1112,6,112,14.9,7.8,1024.2,0,0,0,0,0,0,1,2022,10,12
1113,5,112,13.3,6.8,1023.1,0,0,0,0,0,0,1,2022,10,13
1114,3,112,13.8,5.1,1019.8,0,0,0,0,0,0,1,2022,10,14
1115,4,112,13.5,13.3,1019.6,0,0,0,0,0,0,1,2022,10,15
1116,3,112,14.4,11.7,1024.9,0,0,0,0,0,0,1,2022,10,16
1117,2,112,13.5,7.5,1031.6,0,0,0,0,0,0,1,2022,10,17
1118,7,112,12.2,7.6,1028.6,0,0,0,0,0,0,1,2022,10,18
1119,2,112,12.0,10.7,1022.3,0,0,0,0,0,0,1,2022,10,19
